case_id,n_patches,weights,generated,reference
TCGA-A2-A0CX,20,bf16,"FINDINGS: The specimen is composed of tumor and benign breast tissue. The tumor is composed of sheets of large, pleomorphic cells with indistinct cell borders, high-grade nuclear atypia, and frequent mitoses. There is no definitive ductal or lobular carcinoma in situ identified. The tumor is invasive. The tumor is present in 11 of 11 blocks.

MORPHOLOGY: Invasive carcinoma.

CLINICAL STAGING: T4 N1(sn) M0

EXTENT OF INVASION:
Skin: Not involved.
Deeper tissues:
Tumor invades the fascia.
Tumor invades the pectoralis muscle.
Tumor invades the chest wall.
Tumor invades the intercostal muscles.
Tumor invades the ribs.
Tumor invades the sternum.
Tumor invades the pectoralis major muscle.
Tumor invades the pectoralis minor muscle.
Tumor invades the serratus anterior muscle.
Tumor invades the latissimus dorsi muscle.
Tumor invades the scapula.
Tumor invades the vertebral body.
Tumor invades the ribs.
Tumor invades the sternum.
Tumor invades the pectoralis major muscle.
Tumor invades the pectoralis minor muscle.
Tumor invades the serratus anterior muscle.
Tumor invades the latissimus dorsi muscle.
Tumor invades the scapula.
Tumor invades the vertebral body.
Tumor invades the ribs.
Tumor invades the sternum.
Tumor invades the pectoralis major muscle.
Tumor invades the pectoralis minor muscle.
Tumor invades the serratus anterior muscle.
Tumor invades the latissimus dorsi muscle.
Tumor invades the scapula.
Tumor invades the vertebral body.
Tumor inv","A. BREAST, LEFT, EXCISIONAL BIOPSY. - INFILTRATING DUCTAL CARCINOMA, NO SPECIAL TYPE. -NOTTINGHAM GRADE: III/III, POORLY DIFFERENTIATED. -NOTTINGHAM SCORE: 8/9 (TUBULES=3, MITOSES=2, NUCLEI=3). -TUMOR SIZE: 3.1 CM (MEASURED GROSSLY, SEE COMMENT) . - TUMOR NECROSIS: ABSENT. - -MICROCALCIFICATIONS: ABSENT. - LYMPHVASCULAR INVASION: NO UNEQUIVOCAL INVOLVEMENT. -MARGINS: : NEGATIVE. - INTRADUCTAL COMPONENT: LESS THAN 25%, WITH PROMINENT CANCERIZATION. OF THE LOBULES (SEE COMMENT). -LYMPH NODES : TWO NODES NEGATIVE FOR TUMOR (ONE SENTINEL, ONE WITH. THE BREAST BIOPSY ITSELF, SEE COMMENT) . -MULTICENTRICITY: ABSENT. -ESTROGEN RECEPTORS : POSITIVE (>10%). - PROGESTERONE RECEPTORS : NEGATIVE. -HER 2 NEU BY IHC: POSITIVE (3+). - -PATHOLOGIC STAGE: pT2 NO MX. -AJCC STAGE: IN THE ABSENCE OF METASTASES : IIA. B. SENTINEL LYMPH NODE, LEFT AXILLARY, EXCISION: -ONE LYMPH NODE NEGATIVE FOR MALIGNANCY. - IMMUNOHISTOCHEMICAL MARKER FOR CYTOKERATIN CONFIRMS THIS NODE. IS NEGATIVE FOR MALIGNANCY"
TCGA-A2-A0SW,32,bf16,"FINDINGS: The specimen is composed of dense, solid, and fibrous tissue with marked stromal cellularity. There is diffuse infiltration by pleomorphic, spindle-shaped, and epithelioid cells with high-grade nuclear features, including prominent nucleoli and frequent mitotic figures. Tumor necrosis is present. The tumor infiltrates the surrounding breast tissue. There is no evidence of lymphovascular invasion identified in the sections examined.

MORPHOLOGY: High-grade pleomorphic sarcoma.

BIOPSY SITE: Breast.

EXTENT OF INVASIVENESS: Tumor invades surrounding breast tissue.

AJCC STAGING: T4 N0 M1 (based on clinical information provided).

FINAL DIAGNOSIS: High-grade pleomorphic sarcoma of the breast.","A) RIGHT BREAST TISSUE - POORLY DIFFERENTIATED. INFILTRATING DUCTAL CARCINOMA. SCARFF-BLOOM-RICHARDSON GRADE III/III. THE TUMOR MEASURES 3.5 CM. IN MAXIMUM DIMENSION AND. FOCALLY CLOSE TO ANTERIOR AND POSTERIOR SURGICAL. MARGINS, (LESS THAN 1 MM.), SLIDES #5 AND #6. THE REMAINING SURGICAL MARGINS ARE FREE OF THE. LESION. LYMPHOVASCULAR INVASION IS IDENTIFIED. MICROCALCIFICATIONS ARE IDENTIFIED. B) SENTINEL LYMPH NODE - ONE (1) POSITIVE LYMPH NODE, (1/1). C) SENTINEL LYMPH NODE - ONE (1) POSITIVE LYMPH NODE, (1/1). D) AXILLARY CONTENTS - 2 OF 13 LYMPH NODES ARE POSITIVE FOR. MALIGNANCY, (2/13). E) ADDITIONAL RIGHT BREAST TISSUE - NEGATIVE FOR. MALIGNANCY. PTNM CLASSIFICATION: PIIIa, T2, N2, MX"
TCGA-A2-A0T2,32,bf16,"FINDINGS: The specimen is a breast tissue with extensive tumor. The tumor is composed of sheets of large, pleomorphic cells with indistinct cell borders, large nuclei, and prominent nucleoli. There is a high mitotic rate. The tumor infiltrates the surrounding breast tissue. There is no evidence of necrosis. The tumor is present in all sections examined.

IMPRESSION: Invasive ductal carcinoma.
FINAL DIAGNOSIS: Invasive ductal carcinoma.","SURGICAL REPORT. Sex: F. Date Collected: Date Received: M.R. Number. Doctor: Account Numbe. PRE-OPERATIVE DIAGNOSIS. CA RIGHT BREAST. POST-OPERATIVE DIAGNOSIS. CA RIGHT BREAST. PROCEDURE. MODIFIED RADICAL MASTECTOMY RIGHT BREAST, INSERTION MEDIPORT. TISSUES. BREAST MASTECTOMY (WMV) NODES - RIGHT BREAST AND AXILLARY CONTENTS. FINAL DIAGNOSIS. RIGHT BREAST AND AXILLARY CONTENTS -. POORLY DIFFERENTIATED INFILTRATING DUCTAL CARCINOMA, SCARFF-. BLOOM-RICHARDSON GRADE III/III. THE TUMOR MEASURES 10.5 CM. IN MAXIMUM. DIMENSION. LYMPHOVASCULAR INVASION IDENTIFIED INSIDE THE TUMOR. ALL SURGICAL MARGINS ARE FREE OF THE LESION. THE CLOSEST SURCICAL. MARGIN IS THE DEEP SURGICAL MARGIN WHICH IS 1.2 MM. FROM THE TUMOR (JUST. ABOVE THE MUSCLE). BENIGN SKIN AND NIPPLE. TEN OF FOURTEEN LYMPH NODES ARE POSITIVE FOR METASTATIC. CARCINOMA (10/14). TUMOR STAGE: STAGE IIIC, T3, N3, MX. PQRI CATEGORY II: 3260F. Diagnosed by: COMMENT. This case is discussed with. GROSS DESCRIPTION. The container is received fresh unfixed labele. ight breast and axillary contents"" and. consists of a 788 gm. apparent right breast which is 24x 17 x 5 cm. in greatest overall dimension. The. attached skin ellipse is 11.5 x 8.5 cm. There is an eccentrically attached nipple. There is also an. SURGICAL REPORT. of 2. attached suture indicating superior lateral/upper outer aspect inked with an orange dye. The lower outer. is inked green, the upper inner is inked black, the lower inner is inked red. The deep surgical margin is. inked yellow. Sectioning reveals a dense gray-white slightly swirled tumor mass which is 10.5 x 5.5 x 4. cm. in greatest overall dimension and grossly appears to be 3 cm. from the superior lateral/upper outer, 3. cm. from the upper inner and appears to be 3.5 cm. from the lower outer and 4 cm. from the lower inner. It grossly appears to be 0.8 cm. from the deep surgical margin. The tumor mass has scattered yellow-tan. chalky areas varying up to 0.2 cm. and hemorrhagic areas varying up to 0.1 cm. Sectioning through the. axillary fat reveals tan-gray nodules varying up to 2.5 cm. in greatest dimension, each are bisected, one-. half submitted. Twenty blocks. Key Note Block Summary: 1-nipple, 2-deep surgical margin, 3-superior lateral/upper. outer, 4--lower outer, 5-upper inner, 6-lower inner, 7 through 10-tumor, 11 through 13-random, 14. through 20-apparent nodes. MICROSCOPIC EXAM. MICROSCOPIC EXAMINATION CONDUCTED BY PATHOLOGIST CONFIRMS FINAL DIAGNOSIS. SURGICAL REPORT."
TCGA-A2-A3XT,32,bf16,"FINDINGS: The specimen is composed of dense, solid, tumorous tissue with marked stromal hypercellularity. The tumor cells are large, pleomorphic, and spindle-shaped with prominent nucleoli. There is a high mitotic rate. The tumor infiltrates the surrounding breast tissue. No definitive evidence of microcalcifications is identified. The skin overlying the tumor is unremarkable. The deep margin is positive for tumor. The superficial margin is negative.

FINAL DIAGNOSIS: Invasive ductal carcinoma, moderately differentiated. Tumor size: 4.0 x 3.0 x 4.0 cm.
Lymphovascular invasion: Not identified.
ER/PR status: Not determined (requires additional testing).
HER2 status: Not determined (requires additional testing).
Additional findings: Tumor infiltrates the surrounding breast tissue. The deep margin is positive for tumor. The superficial margin is negative.","R. Specimen #: (Age: Race/: Physician (s) : AMENDED carcinoma, infiltrating ductal NOS. SPECIMEN: LEFT BREAST TISSUE. FINAL DIAGNOSIS: BREAST, LEFT, LUMPECTOMY: - POORLY DIFFERENTIATED ADENOCARCINOMA, CONSISTENT WITH INFILTRATING. DUCTAL CARCINOMA. SEE COMMENT. - NOTTINGHAM GRADE: POORLY DIFFERENTIATED, 9/9 (TUBULES=3, MITOSES=3,. NUCLEI=3) . - TUMOR SIZE 4 CM (GROSS) . - TUMOR NECROSIS: EXTENSIVE, ALL INFILTRATING COMPONENT. - LYMPHOVASCULAR INVASION PRESENT (EXTENSIVE) . - MARGINS POSITIVE (INFERIOR AND ANTERIOR, A10,A6) . - NO INTRADUCTAL COMPONENT IDENTIFIED. ESTROGEN RECEPTOR: NEGATIVE (NO NUCLEAR STAINING, 0%). PROGESTERONE RECEPTOR NEGATIVE (NO NUCLEAR STAINING, 0%). HER2 BY IMMUNOHISTOCHEMISTRY: NEGATIVE (SCORE 0). SEE COMMENT. COMMENT: There is extensive lymphovascular invasion as well as foci of high grade. tumor cells in grossly normal tissue sections away from the tumor. This. report will be amended pending stains to confirm a breast primary origin. Dr. was notified of these results at. ; on. The. clinical history was incorrect, and has been .changea. discussion with Dr. AMENDED COMMENTS: The tumor is CK7+, CK20-, and GCPFD- The pattern is consistent with a. FOR OFFICIAL USE ONLY - PERSONAL DATA - PRIVACY ACT OF. FOR OFFICIAL USE ONLY - PERSONAL DATA - PRIVACY ACT OF. specimen #: FINAL DIAGNOSIS (continued) : poorly differentiated infiltrating duct carcinoma, however, a metastatic. process cannot be entirely excluded. CLINICAL DIAGNOSIS AND HISTORY: year. old -- with enlarging complex cystic lesion in the left breast. PRE-OPERATIVE DIAGNOSIS: left breast palpable lesion. GROSS DESCRIPTION: A. Received in formalin labeled with patient's name. BLACK LATERAL, SINGLE BLUE MEDIAL, DOUBLE BLUE DEEP ON PECTORAL FASCIA,. designated ""LEFT BREAST TISSUE SINGLE SHORT BLACK SUPERIOR, SINGLE LONG. SINGLE GREEN INFERIOR STITCH"". Specimen consists of an ovoid portion of cm. fibrofatty tissue oriented as designated on label. Specimen measures 8. posterior. Specimen is inked as follows: superior blue, inferior green,. superior to inferior, 7 cm medial to lateral, 3.5 cm anterior to. medial red, lateral yellow, anterior orange, posterior black. Serial. sections reveal centrally located 4 x 3.2 x 3.2 cm fleshy pink tan well. circumscribed mass with scattered foci of hemorrhage and necrosis. Mass. abuts anterior margin and located 0.2 cm from posterior margin and 1.5 cm. from superior inferior margin. Surrounding tissue is densely fibrous with. multiple cysts. Cassette summary : A1-A2: mass. A3: adjacent normal. A4: lateral section adjacent to mass. A5: lateral portion of mass near orange margin. A6-A7: contiguous sections adjacent to A2 near orange and black margin. A8-A9: contiguos sections medial to A6-A7. A10: medial sections to A8-A9 nearing green margin. All: most medial glandular section of specimen. FOR OFFICIAL USE ONLY - PERSONAL DATA - PRIVACY ACT OF 1. FOR OFFICIAL USE ONLY - PERSONAL DATA - PRIVACY ACT o. Specimen # : GROSS DESCRIPTION (continued) : A12: inferior glandular appearing portion in same section as A8-A9. Matched sections of A1-A3 are submitted in. for. FOR OFFICIAL USR ONLY - PERSONAL DATA - PRIVACY ACT OF."
TCGA-A7-A26J,9,bf16,"FINDINGS: The specimen is a breast, with surgical margins identified. The tissue is composed of tumor and benign breast tissue. The tumor is composed of nests and sheets of tumor cells with indistinct borders. The tumor cells are pleomorphic with enlarged, hyperchromatic nuclei and prominent nucleoli. Mitotic figures are identified. There is associated stromal fibrosis. The tumor is invasive. The tumor is present in the surgical margins.

MORPHOLOGY: Invasive carcinoma.

COMMENT: The diagnosis of invasive carcinoma is based on the presence of tumor cells infiltrating the stroma. The tumor is present in the surgical margins.

FINAL DIAGNOSIS: Invasive carcinoma. Tumor is present in the surgical margins.
","Date Coll: SPECIMEN. A. Left axillary sentinel node. B. Left breast silk on superior breast. CLINICAL NOTES. PRE-OP DIAGNOSIS: Left breast cancer. CLINICAL HISTORY: year-old white female with cancer. POST-OP DIAGNOSIS: Same. GROSS DESCRIPTION. A. Received fresh labeled ""left axillary node"" is a 3.8. x. 2.4 x 0.6 cm. portion of soft, lobulated golden-yellow. adipose tissue. Two (2) slightly rubbery tan-pink tissues in. keeping with lymph node measuring 0.8 and 1.8 cm. in greatest. dimension are recovered. The specimen is entirely submitted in. three blocks as labeled: BLOCK SUMMARY: #A1,A2 - One (1) bisected lymph node per cassette;. -1 adipose tissue. B. Received fresh labeled ""left breast"" is a 21.5 cm. (superior to inferior) x 20.5 cm (medial to lateral) x 3.8. cm (anterior to posterior) diffusely cauterized soft, lobulated. tan-gold-white portion of fibroadipose tissue in keeping with breast. designated as left per requisition slip and container and oriented. by a single suture as stated previously. A 7.2 cm (medial to. lateral) x 4.7 cm (superior to inferior) tan-white skin ellipse is. present along the anterior aspect. The intact deep margin is inked. black and the specimen is sectioned. There is a central, stellate,. 3.0 cm (medial to lateral) x 2.2 cm (superior to inferior) x 2.0. cm. (anterior to posterior) rubbery tan-white lesion at the junction of. the four quadrants with several cylindrical tan-white structures in. keeping with site of prior needle core biopsy. A portion of the. lesion and a portion of normal are submitted for tissue procurement. as. requested. The lesion is present within 0.8 cm of the skin. surface in the vicinity of the nipple and is within 0.5 cm of the. inked deep margin. The parenchyma throughout the remainder of the. specimen consists predominantly of glistening lobulated golden. yellow adipose tissue with a moderate amount of interspersed dense. tan-white fibrous tissue. No additional mass lesion or abnormality. is identified. Three rubbery white-pink tissues in keeping with. lymph nodes measuring up to 0.8 cm in greatest dimension are. recovered from the lateral aspect of the specimen. Representative. sections are submitted in 12 blocks as labeled. BLOCK SUMMARY: 1-2 - Tumor to inked deep margin; 3-4 - tumor to. skin (4 includes nipple); 5-6 - tumor to adjacent parenchyma; 7 -. random upper outer quadrant; 8 - upper inner quadrant; 9 - lower. inner quadrant; 10 - lower outer quadrant; 11 - two whole lymph. nodes; 12 - one bisected lymph node. MICROSCOPIC DESCRIPTION. Invasive carcinoma: Histologic type: Ductal (with lobular features). Histologic grade : III. Overall grade: 8/9. Architectural score: 3. Nuclear score: 3. Mitotic score: 2. Greatest dimension (pT) : 3.0 cm. Specimen margins: Negative. Vessel invasion: Present. Calcification: Negative. Nipple (Paget's) : Carcinoma involves the deep nipple tissue, and. is present in the deep dermis within the skin adjacent to the. nipple (areolar area) . Invasion of skin or chest wall: As above. Ductal carcinoma in situ: Histologic pattern: Cribriform. Nuclear grade: 3. Central necrosis: Present. 8 DCIS of total tumor (if mixed) : < 10%. Extensive intraductal component (present/absent) : Absent. Specimen margins: Negative. Calcification: Negative. Description of non-tumorous breast: Fibrocystic changes,. fibroadenomata. Comments: Prior biopsy site identified within the main tumor mass. There is an additional satellite nodule of invasive tumor, 2 mm in. greatest dimension, in the lower outer quadrant, away from the main. tumor mass, and associated with ductal carcinoma in-situ. This. focus of invasive tumor is 2 mm from the deep margin. Lymph nodes: Two negative sentinel lymph nodes, and two negative. additional lymph nodes (0/4). Prognostic markers: See previous report,. 4x2. DIAGNOSIS. A. Sentinel lymph node, left axilla, biopsy: Two negative lymph nodes (0/2). B. Breast, deft mastectomy: Invasive ductal carcinoma, grade III, 3.0 cm in greatest. dimension. Negative margins of excision. Lymphovascular invasion identified. Two negative lymph nodes (0/2). ectronic Signature). End Of Report ---."
TCGA-AC-A3QP,17,bf16,"FINDINGS: The specimen is composed of dense, solid, and fibrous tissue with marked stromal vascularity. There is a high-grade carcinoma identified. The tumor is composed of pleomorphic cells with indistinct borders and high mitotic activity. The tumor infiltrates the surrounding stroma. There is no evidence of lymphovascular invasion identified. There is no evidence of extracapsular extension. There is no evidence of nipple involvement. There is no evidence of skin involvement. There is no evidence of ductal carcinoma in situ. There is no evidence of lobular carcinoma in situ. There is no evidence of microcalcifications. There is no evidence of necrosis. There is no evidence of fat necrosis. There is no evidence of sclerosing adenosis. There is no evidence of columnar cell change. There is no evidence of papilloma. There is no evidence of apocrine metaplasia. There is no evidence of usual ductal hyperplasia. There is no evidence of atypical ductal hyperplasia. There is no evidence of fibroadenoma. There is no evidence of fibrocystic changes. There is no evidence of biopsy site changes. There is no evidence of foreign body reaction. There is no evidence of fat necrosis. There is no evidence of calcifications. There is no evidence of hemorrhage. There is no evidence of infection. There is no evidence of vascular proliferation. There is no evidence of sclerosing adenosis. There is no evidence of columnar cell change. There is no evidence of papilloma. There is no evidence of apocrine metaplasia. There is no evidence of usual ductal hyperplasia. There is no evidence of atypical ductal hyperplasia. There is no evidence of fibroadenoma. There is no evidence of fibrocystic changes. There is no evidence of biopsy site changes. There is no evidence of foreign body reaction. There is no evidence of fat necrosis. There is no evidence of calcifications. There is no evidence of hemorrhage. There is no evidence of infection. There","PROCEDURE. Right breast lumpectomy. SPECIMEN: A. R. breast lump. Nylon suture at posterior margin. Beige suture. superior margin. B. Sentinel node #1. C. Sentinel node #2. D. Right breast tissue (black suture most superior margin) . E. Right breast tissue (black suture at most anterior margin). HISTORY. Right breast cancer. GROSS. A. Received fresh in a container labeled ""right breast tissue"" is. a. fragment of fibrofatty breast tissue (5.7 cm in medial-lateral. dimension, 7 cm in superior-inferior dimension, 1.8 cm in. anterior-posterior dimension) oriented by attached sutures. An. accompanying specimen radiograph reveals abundant radiodense. tissue. The density corresponds to a sclerotic, gray-white, hard tumor mass. (2.8 cm in greatest dimension) which is within 1-2 mm of the. anterior margin, 0.5 cm from the posterior margin, 0.6 cm from the. medial margin, approximately 1.4 cm from the lateral margin and 1.2. cm from the superior margin. The remaining parenchyma consists of. abundant firm white fibrous tissue with scattered cysts up to 2-3 mm. in diameter, along with dilated ducts containing opaque yellow-tan,. paste-like material. Total fixation time in formalin is. approximately 28 hours. A representative portion of the tumor is. submitted for the. Ink Code: Black - posterior. Blue - anterior. Green - lateral. Red - medial. Orange - superior. Purple - inferior. 1. Superior margin. 2-3 and 4-5. Full thickness bisected cross sections, including. nearest radial margins. 6-7. Indurated parenchyma away from tumor. 8. Inferior margin. B. Received in formalin in a container labeled ""sentinel node. #1"". is. a 1.8 cm in greatest dimension, blue-gray, fatty lymph node. C. Received in formalin in a container labeled sentinel node #2"". is a 0.6 cm, firm, tan and gray lymph node. D. Received in formalin in a container labeled ""right breast. tissue, black suture most superior margin"" is a sheet of fibrofatty. tissue (4 x 3 x 1.2 cm) oriented by an attached suture. Ink Code: Black - superior margin (adjacent to suture). Blue - opposing margin. The tissue is serially sectioned and submitted in its entirety in. three cassettes. E. Received in formalin in a container labeled right breast tissue. black suture most anterior margin"" is a fragment of fibrofatty. tissue (2.9 x 1.6 x 0.9 cm) oriented by an attached suture. Ink Code: Black - anterior margin (adjacent to suture) . Blue - opposing margin. The specimen is serially sectioned and submitted in its entirety in. two cassettes. MICROSCOPIC. See diagnosis. DIAGNOSIS. A. Right breast lump, lumpectomy: Invasive lobular carcinoma (see comment) . B. Sentinel lymph node #1, excision: One lymph node involved by metastatic adenocarcinoma (largest. metastatic focus 2 mm) (1/1) . C. Sentinel lymph node #2, excision: One benign lymph node, free of tumor (0/1) . D. Right breast tissue, excision: Microscopic foci of invasive lobular carcinoma (up to 5 mm in. greatest dimension). Tiny focus of lobular cancerization. Neoplasm is approximately 4-5 mm from most superior margin. (black inked margin, adjacent to suture) and at blue inked. opposing aspect. E. Right breast tissue, excision: No tumor is seen. COMMENT. BREAST CARCINOMA SUMMARY: SPECIMEN: Partial breast. PROCEDURE: Lumpectomy. SPECIMEN INTEGRITY: Single intact with additional margin submitted. in parts C (superior margin) and D (anterior margin). SPECIMEN LATERALITY: Right breast lumpectomy. SPECIMEN SIZE: 5.7 x 7 x 1.8 cm. TUMOR SIZE: 2.8 cm. TUMOR FOCALITY: A 2.8 cm focus of invasive lobular carcinoma, and. additional tiny foci (up to 5 mm) of invasive lobular carcinoma away. from tumor. SKIN INVOLVEMENT: Skin not present. NIPPLE INVOLVEMENT: Nipple not present. SKELETAL MUSCLE INVOLVEMENT: Skeletal muscle not present. DUCTAL CARCINOMA IN SITU (DCIS) : Negative. LOBULAR CARCINOMA IN SITU (LCIS) : Present. HISTOLOGIC TYPE: Invasive lobular carcinoma. GRADING (NOTTINGHAM) : Tubular formation score: Score 3. NUCLEAR PLEOMORPHISM SCORE: Score 2. MITOTIC RATE SCORE: Score 1. COMBINED GRADE (NOTTINGHAM) : Grade 2 (intermediate grade) . LYMPHOVASCULAR INVASION: Not identified. MARGIN OF EXCISION: Final margins appear free of tumor (closest. margin is superior, approximately 4-5 mm. part D). LYMPH NODES: One sentinel lymph node involved by metastatic lobular. carcinoma (sentinel lymph node #1, part B (largest tumor focus is 2. mm) (1/2). MICROCALCIFICATION: Not identified. OTHER FINDINGS: Fibrocystic changes, usual ductal hyperplasia. HORMONE RECEPTORS: Reported (estrogen receptor positive (70%,. strong) i Progesterone receptor positive (over 90%, strong). HER-2/NEU: Reported (equivocal (2+) by immunohistochemistry,. FISH pending. PATHOLOGIC TNM (AJCC EDITION) : T2 N1mic MX. NOTE: A cytokeratin E1/E3 immunohistochemical stain was performed. on parts B (sentinel lymph node #1) and C (sentinel lymph node #2). It is strongly positive on part B (sentinel lymph node #1) within. the metastatic tumor cells, and supports the diagnosis. It is. negative within part c (sentinel lymph node #2), consistent with. benign lymph node. ?ctronic Signature). Completed Action List: on. Type: Sura Path Final Report. Title:"
TCGA-AC-A8OP,7,bf16,"FINDINGS: The specimen is labeled as breast tissue. There is no evidence of malignancy. The tissue is composed of benign breast tissue with stromal fibrosis and adipose tissue.

FINAL DIAGNOSIS: benign breast tissue.","A. - E. RIGHT BREAST WITH AXILLARY SENTINEL LYMPH NODES,. MASTECTOMY WITH SENTINEL LYMPH NODE BIOPSIES: - Invasive ductal carcinoma, Nottingham grade 2. - Invasive tumor nodule measures 18 mm in diameter. - Ductal carcinoma in situ (DCIS), solid and cribriform architectural patterns,. with associated comedo necrosis and calcifications. - Resection margins free of tumor. - Tumor is present 15 mm from the nearest margin (medial-anterior-. inferior). - Sites of previous biopsy identified. - Six axillary sentinel lymph nodes, not tumor present (0/6). PATHOLOGIC TUMOR STAGING SYNOPSIS: Type and grade (invasive): Invasive ductal carcinoma, Nottingham grade 2. Type and grade (in situ): DCIS, nuclear grade 2. Primary tumor: pT1c. Regional lymph nodes: pN0(i-)(sn). Distant metastasis: pMX. Pathologic stage: IA. Lymphovascular invasion: Not identified. Margin status: Negative (R0). Printed: This report continues (FINAL). FINAL SURGICAL PATHOLOGY REPORT. Breast Invasive Tumor Staging Information. (AJCC Cancer Staging Handbook, 7th Ed, and CAP protocol, Oct 2009). This staging also incorporates: Previous biopsy: Breast profile: Specimen type: Total breast with axillary sentinel lymph nodes. Specimen procedure: Mastectomy with sentinel lymph node biopsies. Lymph node sampling: Axillary lymph nodes (6 nodes in 4 specimens). Specimen integrity: Single intact specimen. Specimen laterality: Right. Specimen size: 21 x 15.5 x 4 cm. INVASIVE TUMOR FEATURES: Invasive tumor size: 18 mm. Invasive tumor site: Lower inner quadrant (3:30 aspect). Invasive tumor focality: Single focus of invasive carcinoma. Histologic type: Invasive ductal carcinoma. Total Nottingham Grade: 2 of 3. Tubule formation: 3 of 3. Nuclear Pleomorphism: 2 of 3. Mitotic count for Nottingham: 1 of 3. Mitotic count: Three mitoses in ten high power fields. Lymphatic invasion: Not identified. MARGIN STATUS FOR INVASIVE COMPONENT: Negative (R0). Distance of tumor from margins: 15 mm. Closest margin: Anterior-medial-inferior (anterior margin overlying. LIQ tumor). Other margins: Invasive carcinoma is at least 40 mm from all. other margins. IN-SITU CARCINOMA (DCIS) FEATURES: DCIS extent: DCIS present in association with invasive. carcinoma, and extends into surrounding tissue. (DCIS is associated with calcifications, and. therefore may correspond to area of. mammographically detected calcifications). Pattern: Solid and cribriform. Nuclear grade: Intermediate grade. FINAL SURGICAL PATHOLOGY REPORT. Necrosis: Present. Calcifications: Present. Margin status for DCIS component: Negative. Distance of In-situ from nearest margin: DCIS is at least 15 mm from the closest. anterior-inferior-medial margin. LOBULAR CARCINOMA IN-SITU (LCIS): Absent. Skin: Unremarkable. Nipple: Unremarkable. Skeletal Muscle: Not present. INVASIVE PATHOLOGIC TUMOR STAGING (pTNM). Primary tumor (pT): pT1c. Regional lymph nodes (pN): pNO(i-)(sn). Distant metastasis (pM): pMX. Pathologic Stage: IA. RECEPTOR STATUS AND HER2/NEU: Estrogen receptors: POSITIVE (98% positive cells, strong). Progesterone receptors: POSITIVE (15% positive cells, strong). Her2/neu: Not overexpressed (IHC score 1+). Ki-67 proliferative index: 20% positive cells. Source of Specimen: A. Right axillary sentinel lymph node. B. Right axillary sentinel lymph node. C. Right axillary sentinel node. D. Right axillary sentinel lymph node. E. Right Breast"
TCGA-AO-A03O,32,bf16,"FINDINGS: The specimen is composed of dense, solid, and fibrous tissue with marked stromal vascularity. There is diffuse infiltration by pleomorphic, spindle-shaped, and epithelioid cells with high-grade nuclear features, including prominent nucleoli and frequent mitotic figures. Tumor necrosis is present. The tumor infiltrates the surrounding breast tissue. There is no evidence of ductal carcinoma in situ. The tumor is multifocal and bilateral.

MORPHOLOGY: Invasive carcinoma.

CLINICAL STAGING: T4 N1(c) M0 (based on imaging).

EXTENT OF INVASION: Tumor invades skin.

AJCC STAGING: Stage IIIA (T4 N1(c) M0).

FINAL DIAGNOSIS: Invasive ductal carcinoma, moderately differentiated, with tubule formation (3/3), nuclear pleomorphism (2/3), and mitotic rate (2/3). Tumor size: 2.0 x 1.5 x 2.0 cm. Tumor grade: Grade 2.

Tumor location: Breast.

Ductal carcinoma in situ: Not identified.

Lymphovascular invasion: Present.

ER/PR/HER2 status: Pending.

Additional findings: Tumor invades skin.

NOTE: The final diagnosis reported is that of the specimen submitted. The surgical margins are negative for tumor.","1). SENTINEL LYMPH NODE #1, LEVEL I, RIGHT AXILLA; BIOPSY: - ONE BENIGN LYMPH NODE (0/1). - ADDITIONAL H&E STAINED SECTIONS AND IMMUNOHISTOCHEMICAL STAINS FOR. CYTOKERATINS (AE1:AE3. AND CAM 5.2) SHOW NO EVIDENCE OF METASTATIC TUMOR. 2). SENTINEL LYMPH NODE #2, LEVEL I, RIGHT AXILLA; BIOPSY: - ONE BENIGN LYMPH NODE (0/1). - ADDITIONAL H&E STAINED SECTIONS AND IMMUNOHISTOCHEMICAL STAINS FOR. CYTOKERATINS (AE1:AE3. AND CAM 5.2) SHOW NO EVIDENCE OF METASTATIC TUMOR. 3). BREAST, RIGHT AND LEVEL I LYMPH NODES; MASTECTOMY AND AXILLARY. DISSECTION: - INVASIVE DUCTAL CARCINOMA, NOS TYPE, HISTOLOGICAL GRADE III/III. (SLIGHT OR NO TUBULE FORMATION) NUCLEAR GRADE III/III (MARKED VARIATION IN. SIZE AND SHAPE). MEASURING 3.5 CM IN LARGEST DIMENSION GROSSLY. - DUCTAL CARCINOMA IN SITU (DCIS) IS ALSO IDENTIFIED, SOLID TYPE, WITH HIGH. NUCLEAR GRADE AND EXTENSIVE NECROSIS. THE DCIS CONSTITUTES <= 25% OF THE. TOTAL TUMOR MASS. - THE INVASIVE CARCINOMA IS LOCATED IN THE UPPER OUTER QUADRANT. - NO INVOLVEMENT OF THE NIPPLE BY EITHER IN SITU OR INVASIVE CARCINOMA IS. IDENTIFIED. - CALCIFICATIONS ARE PRESENT IN THE IN SITU AND INVASIVE CARCINOMA AND IN. BENIGN BREAST PARENCHYMA. - LYMPHOVASCULAR INVASION IS PRESENT. - PERINEURAL INVASION IS PRESENT. - NO INVOLVEMENT OF THE SURGICAL MARGINS BY EITHER INVASIVE OR IN SITU. CARCINOMA IS IDENTIFIED. NO SKIN INVOLVEMENT BY CARCINOMA IS IDENTIFIED. THE NON-NEOPLASTIC BREAST TISSUE SHOWS STROMAL FIBROSIS AND FLORID DUCTAL. HYPERPLASIA. THE LYMPH NODE STATUS IS AS FOLLOWS (EXPRESSED AS THE NUMBER OF POSITIVE. LYMPH NODES IN. RELATION TO THE TOTAL NUMBER OF LYMPH NODES EXAMINED) : LEVEL I: 0/15. - IMMUNOHISTOCHEMCIAL STUDIES FOR ESTROGEN AND PROGESTERONE RECEPTORS. (ER/PR) ARE. POSITIVE. - IMMUNOHISTOCHEMISTRY FOR HER2/NEU (HERCEPTEST) IS BEING REPEATED AND WILL. BE REPORTED IN. AN ADDENDUM. I ATTEST THAT THE ABOVE DIAGNOSIS IS BASED UPON MY PERSONAL EXAMINATION OF. THE SLIDES (AND/OR OTHER MATERIAL), AND THAT I HAVE REVIEWED AND APPROVED. THIS REPORT. Special Studies: Special Stain. Comment. CAM 5.2. CAM 5.2. AE1:AE3. AE1:AE3. NEG CONT. IMM RECUT. NEG CONT. IMM RECUT. CAM 5.2. AE1:AR3. NEG CONT. IMM RECUT. ER-C. PR-C. HER2-. NEG CONT. NEG-HER2. IMM RECUT"
TCGA-AQ-A54N,32,bf16,"FINDINGS: The specimen is a breast tissue with extensive tumor. The tumor is composed of sheets of large, pleomorphic cells with indistinct cell borders, high-grade nuclear atypia, and frequent mitotic figures. There is no evidence of necrosis. The tumor is infiltrating the surrounding stroma. The tumor is present in all the tissue sections examined.

IMPRESSION: Invasive ductal carcinoma, poorly differentiated.
FINAL DIAGNOSIS: Invasive ductal carcinoma, poorly differentiated.","A: Breast, left, partial mastectomy. Tumor type: Invasive ductal carcinoma. Nottingham combined histologic grade: 3. Tubule formation score: 3. Nuclear pleomorphism score: : 3. Mitotic count score: 3. Focality of tumor: Unifocal. Tumor size (greatest dimension) : 4.9 cm. Lymphovascular invasion: Not identified. In Situ Component : Not identified. Nipple involvement: Not applicable. Skin involvement: Not identified. Margin status: Invasive component : Negative; 0.3 cm to anterior margin (see. comment) , all. other margins widely free of tumor. In Situ component : Not applicable. Axillary lymph nodes: Total number with metastasis: 0. Total number examined: 1. Microcalcifications: Not identified. Other findings: Duct ectasia. AJCC PATHOLOGIC TNM STAGE: pT2 pNO. Note: This pathologic stage assessment is based on information. available at the. time of this report, and is subject to change pending clinical. review and. additional information. B: Lymph node, sentinel left breast, removal. - No carcinoma identified in one lymph node (0/1). - Cytokeratin immunostain (AE1/AE3) negative. C: Breast, left lateral margin, stitch new margin, removal. - No atypia or carcinoma identified. D: Breast, left medial margin, stitch new margin, removal. - No atypia or carcinoma identified. Comment. The anterior margin represented in block A3 has ink within a. somewhat fragmented. tissue section that is 0.3 cm from tumor. The true margin may be. closer to the. gross measurement of 0.8 cm. Clinical correlation is advised"
TCGA-AR-A5QM,32,bf16,"FINDINGS: The specimen is composed of dense, solid, and fibrous tissue with marked stromal cellularity. The architecture is effaced by a diffuse infiltrate of pleomorphic spindle and epithelial cells. There is no evidence of necrosis or mitotic activity. The tumor cells are arranged in a diffuse pattern. The tumor extends to the inked surgical margins.

FINAL DIAGNOSIS: Invasive ductal carcinoma, moderately differentiated. Tumor present at inked surgical margins.","Breast, left, wide local excision: Infiltrating lobular carcinoma, Nottingham grade II (of III). [tubules 3/3, nuclei 2/3, mitoses 2/3; Nottingham score 7/9], forming a mass (4.7 x 2.2 x 1.5 cm). [AJCC pT2]. Lobular carcinoma in situ is present. Biopsy site changes are present. Angiolymphatic invasion is not identified. Calcifications are identified in benign ducts. All. surgical resection margins, after re-excision of the superomedial margin, are negative for tumor. (minimum tumor free margin, 0.8 cm, deep margin). Multiple (4) left breast intramammary. lymph nodes are negative for tumor. Breast, left ""palpable"" nodule, excision: A single left breast intramammary lymph node is. negative for tumor. Lymph node, left intramammary sentinel, excision: A single left intramammary sentinel lymph. node is positive for isolated tumor cells [AJCC pN0 (i+) (sn)]. These isolated tumor cells are. seen on cytokeratin immunostaining only. Blue dye is identified. Lymph nodes, left axillary sentinel, No. 1 and No. 2, biopsy: Multiple (3) left axillary sentinel. lymph nodes are negative for metastatic carcinoma [AJCC pNO (i-) (sn)]. Blue dye is not. identified in any of the three left axillary sentinel lymph nodes. Immunohistochemical cytokeratin stain was performed on the paraffin embedded sentinel lymph. node tissue and confirms the H&E impression. Breast, right, wide local excision: Infiltrating ductal carcinoma, Nottingham grade II (of III). [tubules 3/3, nuclei 2/3, mitoses 2/3; Nottingham score 7/9], forming a mass (1.4 x 1.0 x 0.9 cm). [AJCC pT1c]. Extensive ductal carcinoma in situ, low to intermediate nuclear grade, present. within (greater than 25%) and outside the invasive component (over an area 1.8 x 0.5 x 0.3 cm). which extends anteriorly from the invasive tumor. Angiolymphatic invasion is present. Biopsy. site changes are present. All surgical resection margins, after re-excision of the anterior/medial. margin, are negative for tumor (minimum tumor free margin, 0.9 cm, deep margin). A. radioactive seed is identified. Lymph nodes, right axillary, dissection: Multiple (4 of 25) right axillary lymph nodes are. positive for metastatic breast carcinoma [AJCC pN2]. The largest metastatic focus is a collection. of matted lymph nodes that measure 3.0 x 1.9 x 1.6 cm. Faxitron done. Case seen in consultation with."
TCGA-B6-A0IG,32,bf16,"FINDINGS: The specimen is composed of tumor and benign breast tissue. The tumor is composed of nests and sheets of tumor cells with infiltrative margins. The tumor cells are uniform with round nuclei and indistinct nucleoli. There is a high mitotic rate. The tumor measures 2.5 x 2.0 x 2.0 cm. There is associated microcalcification.

BIOGRAPHICAL INFORMATION:
Patient age: 62 years
Date of biopsy: 2019-07-10
Date of surgery: 2019-07-17

FINAL DIAGNOSIS: Invasive ductal carcinoma, well differentiated (5/9).
 Tumor grade: 1/3
 Estrogen receptor: Positive
 Progesterone receptor: Positive
 HER2 status: Negative

 ADDITIONAL FINDINGS:
 - Benign breast tissue
 - Microcalcifications
 - Fibrocystic changes
 - Ductal hyperplasia
 - Atrophic breast tissue
 - Intraductal papilloma
 - Cystic changes
 - Fibroadenoma
 - Biopsy site changes

 IMPRESSION:
 - Invasive ductal carcinoma, well differentiated (5/9).
 - Estrogen receptor positive
 - Progesterone receptor positive
 - HER2 negative
 - Ductal hyperplasia
 - Intraductal papilloma
 - Cystic changes
 - Fibroadenoma
 - Biopsy site changes

 FOLLOW-UP RECOMMENDED:
 - Routine screening mammography
 - Clinical follow-up

 NOTE:
 - The final diagnosis is based on the provided H&E slides.
 - The diagnosis is based on the provided H&E slides.
 - The diagnosis is based on the provided H&E slides.
 - The diagnosis is based on the provided H&E slides.
 - The diagnosis is based on the provided H&E slides.
 - The diagnosis is based on the provided H&E slides.
 - The","A. ""LEFT BREAST AND AXILLA""; MODIFIED RADICAL MASTECTOMY: 1. RESIDUAL INFILTRATING DUCTAL CARCINOMA, NSABP NUCLEAR GRADE 2/3,. eBrowser Result for. 1 of 2. HISTOLOGIC GRADE 3/3. 2. RESIDUAL TUMOR SIZE 3.5 x 3.5 x 3.0 CM. 3. FOCAL DUCTAL CARCINOMA IN SITU, COMEDO TYPE. 4. FOCAL VASCULAR INVASION IS IDENTIFIED. 5. NIPPLE, NO PAGET'S DISEASE IDENTIFIED. 6. SKIN WITH HEALING SCAR. NO DERMAL LYMPHATIC INVASION IDENTIFIED. 7. ALL SURGICAL MARGINS ARE FREE OF TUMOR. 8. REMAINING BREAST WITH PAPILLARY APOCRINE METAPLASIA, CYSTIC CHANGE, AND. INTER- AND INTRALOBULAR FIBROSIS. 9. METASTATIC ADENOCARCINOMA INVOLVING 4 OF 16 TOTAL AXILLARY LYMPH NODES. ONE LYMPH NODE IN THE LOW AXILLA IS MACROSCOPICALLY POSITIVE AND. EXHIBITS EXTRACAPSULAR INVASION BY TUMOR. 2 of 2"
TCGA-B6-A0RO,32,bf16,"FINDINGS: The specimen is labeled as breast tissue. There is a well-circumscribed, solid, lobulated mass measuring 2.1 x 1.8 x 1.5 cm. The mass is predominantly composed of glandular tissue with focal areas of necrosis and cystic change. The surrounding breast tissue shows no significant abnormality. No lymph nodes are identified.

IMPRESSION: Benign breast mass.

NOTE: The final diagnosis has been determined by surgical and pathology review of the submitted specimen and are consistent with the above microscopic description.

*** IMPORTANT: FINAL DIAGNOSIS IS ATTACHED TO THE MICROSCOPIC DESCRIPTION. ***","A. ""RIGHT"" BREAST, MODIFIED RADICAL MASTECTOMY: INFILTRATING DUCTAL CARCINOMA (2.5 CM), NSABP HISTOLOGIC GRADE II/III,. NUCLEAR GRADE MODERATELY DIFFERENTIATED. A NON-COMEDO INTRADUCTAL CARCINOMA COMPONENT IS IDENTIFIED, COMPRISING. LESS THAN 10% OF THE CARCINOMA. NO TUMOR IS SEEN IN THE DEEP SURGICAL MARGIN. 1 of 2. NO VASCULAR INVASION IS IDENTIFIED. TWO OF SEVENTEEN (2/17) LYMPH NODES ARE POSITIVE FOR METASTATIC. ADENOCARCINOMA. BREAST TISSUE WITH APOCRINE METAPLASIA AND MICROCALCIFICATIONS IN. NON-NEOPLASTIC LOBULES. 2 of 2"
TCGA-BH-A0B1,32,bf16,"FINDINGS: The specimen is composed of dense fibrous tissue with marked stromal vascularity. There is no evidence of malignancy. The tissue is consistent with fibroadenoma.

IMPRESSION: Fibroadenoma.","PART 1: RIGHT AXILLA, SENTINEL LYMPH NODE #1, EXCISION -. ONE LYMPH NODE, POSITIVE FOR METASTATIC DUCTAL CARCINOMA, 0.9 CM WITH FOCAL EXTRACAPSULAR. EXTENSION. PART 2: RIGHT BREAST, MODIFIED RADICAL MASTECTOMY -. A. MULTICENTRIC INFILTRATING DUCTAL CARCINOMA, NOTTINGHAM SCORE 6/9 (TUBULES 3, NUCLEI 2,. MITOSES 3) CENTRALLY LOCATED AND INVOLVING ALL OF FOUR QUADRANTS. B. TUMOR NODULES RANGES FROM 0.2 TO 4.8 CM. C. TUMOR AGGREGATES UP TO 14.3 CM. D. DUCTAL CARCINOMA IN SITU, SOLID TYPE WITH COMEDO NECROSIS REPRESENTING LESS THAN 5% OF THE. TUMOR VOLUME. E. FOCAL LOBULAR CARCINOMA IN SITU. F. EXTENSIVE LYMPHOVASCULAR SPACE INVOLVEMENT SEEN. G. TUMOR IS 0.8 CM FROM LOWER INNER QUADRANT DEEP MARGIN. H. MARGINS FREE OF TUMOR. I. SKIN AND NIPPLE WITH DERMAL LYMPHOVASCULAR SPACE INVOLVEMENT. J. CHANGES CONSISTENT WITH BIOPSY SITE. K. MICROCALCIFICATIONS ASSOCIATED WITH BENIGN CHANGES AND TUMOR. L. FIBROCYSTIC CHANGES WITH ATYPICAL DUCTAL EPITHELIAL HYPERPLASIA, COLUMNAR CELL CHANGES. M. FOURTEEN RIGHT AXILLARY LYMPH NODES, NEGATIVE FOR TUMOR. PART 3: LEFT BREAST, 344 GRAMS, BREAST REDUCTION -. A. FIBROCYSTIC CHANGES WITH MICROCALCIFICATIONS. B. SKIN NOT REMARKABLE. CASE arner WID. Site: breast, NOS C50-9 3/13/ for. SYNOPTIC -PRIMARY INVASIVE CARCINOMA OF BREAST. LATERALITY: Right. PROCEDURE: Modified radical mastectomy. Central subareolar. SIZE OF TUMOR: Maximum dimension invasive component: 4.8 cm. MULTICENTRICITY/MULTIFOCALITY OF INVASIVE FOCI: TUMOR AGGREGATE SIZE: Sum of the sizes of multiple invasive tumors: 14.3 cm. TUMOR TYPE (invasive component): Ductal adenocarcinoma, NOS. NOTTINGHAM SCORE: Nuclear grade: 2. Tubule formation: 3. Mitotic activity score: 1. Total Nottingham score: 6. Nottingham grade (1, 2, 3): 2. ANGIOLYMPHATIC INVASION: DERMAL LYMPHATIC INVASION: CALCIFICATION: Yes, benign zones. Yes, malignant zones. TUMOR TYPE, IN SITU: Solid. Comedo. DCIS admixed with invasive carcinoma. LCIS. Percent of tumor occupied by in situ component: 3 %. SURGICAL MARGINS INVOLVED BY INVASIVE COMPONENT: Distance of invasive tumor to closest margin: 8 mm. SURG MARGINS INVOLVED BY IN SITU COMPONENT: FAGE s VISCASE UF NIPPLE: LYMPH NODES POSITIVE: 1. LYMPH NODES EXAMINED: 15. METHOD(S) OF LYMPH NODE EXAMINATION: SENTINEL NODE METASTASIS: H/E stain. ONLY KERATIN POSITIVE CELLS ARE PRESENT: SIZE OF NODAL METASTASES: LYMPH NODE METASTASIS(-ES) WITH Diameter EXTRACAPSULAR of largest lymph EXTENSION: node metastasis: 9 mm. SKIN INVOLVED (ULCERATION): NON-NEOPLASTIC BREAST TISSUE: ADH. T STAGE, PATHOLOGIC: pT2. N STAGE, PATHOLOGIC: M STAGE, PATHOLOGIC: pN1. ESTROGEN RECEPTORS: pMX. positive. PROGESTERONE RECEPTORS: HER2/NEU: positive. zero or 1+"
TCGA-BH-A0B9,32,bf16,"FINDINGS: The specimen is composed of dense, fibrotic tissue with marked stromal cellularity. There is a prominent lymphoplasmacytic infiltrate. The infiltrate is diffuse and involves the entire specimen. There is no evidence of necrosis.

IMPRESSION: Dense fibrotic tissue with marked stromal cellularity and diffuse lymphoplasmacytic infiltrate. This is consistent with a lymphoplasmacytic infiltrate.

NOTE: The above findings are based on the provided images. A complete pathology report requires correlation with the patient's clinical history and physical examination findings. The final diagnosis is determined by the pathologist based on the complete evaluation of the specimen.

FINAL DIAGNOSIS: Dense fibrotic tissue with marked stromal cellularity and diffuse lymphoplasmacytic infiltrate. This is consistent with a lymphoplasmacytic infiltrate.

NOTE: The above findings are based on the provided images. A complete pathology report requires correlation with the patient's clinical history and physical examination findings. The final diagnosis is determined by the pathologist based on the complete evaluation of the specimen.
","PART 1: RIGHT SENTINEL LYMPH NODE #1, BIOPSY -. ONE LYMPH NODE NEGATIVE FOR TUMOR (0/1). PART 2: RIGHT BREAST, SEGMENTAL MASTECTOMY -. A. INFILTRATING DUCT CARCINOMA, 1.5 X 1.4 X 1.4 CM. B. NOTTINGHAM SCORE 9/9 (TUBULES 3, NUCLEAR 3, MITOSES 3). C. NO LYMPHOVASCULAR INVASION IDENTIFIED. D. DUCTAL CARCINOMA IN-SITU SOLID TYPE, NUCLEAR GRADE3, WITH COMEDO-TYPE NECROSIS. TISSUE. COMPRISING APPROXIMATELY 3% OF INVASIVE TUMOR AND PRESENT IN THE SURROUNDING BREAST. E. SURGICAL MARGINS NEGATIVE FOR INFILTRATING DUCT CARCINOMA AND DUCTAL CARCINOMA IN-. SITU. F. G. INFILTRATING DUCT CARCINOMA FOCALLY VERY CLOSELY APPROACHES SUPERIOR MARGIN (0.03 CM). UNREMARKABLE SKIN. H. TUMOR IS ESTROGEN RECEPTORS, PROGESTERONE RECEPTORS AND HER2/NEU NEGATIVE AS PER. CORE BIOPSY REPORT. I. THERMAL EFFECT"
TCGA-BH-A0BO,6,bf16,"FINDINGS: The specimen is a breast, with surgical margins identified. The tissue is composed of dense fibrous tissue with marked stromal cellularity and numerous foci of tumor. The tumor cells are large, pleomorphic, and arranged in nests and sheets. There is prominent stromal vascularity. The tumor infiltrates the surrounding fibrous tissue. The surgical margins are negative for tumor.

FINAL DIAGNOSIS: Breast, excision : Invasive ductal carcinoma, moderately differentiated.
 - Tumor focality: Unifocal.
 - Tumor grade (Bloom-Richardson): Grade 2.
 - Tumor size: 2.0 cm.
 - Tumor necrosis: Present.
 - Lymphovascular invasion: Not identified.
 - Surgical margins: Negative for tumor.
 - Additional findings: Fibrocystic changes.","PART 1: LEFT SENTINEL LYMPH NODE #1, BIOPSY -. ONE LYMPH NODE NEGATIVE FOR TUMOR (0/1). PART 2: LEFT SENTINEL LYMPH NODE #2, BIOPSY -. ONE LYMPH NODE NEGATIVE FOR TUMOR (0/1). PART 3: LEFT SENTINEL LYMPH NODE #3, BIOPSY -. ONE LYMPH NODE NEGATIVE FOR TUMOR (0/1). PART 4: SKIN OF LEFT BREAST, EXCISION -. SKIN WITH FIBROSIS. PART 5: LEFT BREAST, SEGMENTAL MASTECTOMY -. A. INFILTRATING DUCT CARCINOMA 1.0 X 1.0 X 0.9 CM ASSOCIATED WITH MICROCALCIFICATIONS. B. NOTTINGHAM SCORE 6 OUT OF 9 (TUBULES 3, NUCLEI 2, MITOSIS 1). C. NO LYMPHOVASCULAR INVASION IDENTIFIED. D. DUCTAL CARCINOMA IN-SITU, CRIBRIFORM TYPE, NUCLEAR GRADE 2 COMPRISING 1% OF INVASIVE. TUMOR. E. SURGICAL MARGINS NEGATIVE. F. CLOSEST MARGIN ANTERIOR-0.4 CM. G. CHANGES CONSISTENT WITH PREVIOUS CORE BIOPSY SITES. H. TUMOR IS ESTROGEN RECEPTOR POSITIVE, PROGESTERONE RECEPTOR POSITIVE AND HER-2/NEU. NEGATIVE AS PER CORE BIOPSY REPORT. I. FIBROCYSTIC CHANGES, FIBROADENOMATOID NODULES AND MICROCALCIFICATIONS ASSOCIATED. WITH BENIGN DUCTS. J. THERMAL EFFECT. PART 6: LEFT BREAST, NEW INFERIOR MARGIN, RESECTION -. NEGATIVE FOR TUMOR. PART 7: LEFT BREAST, EXCISION OF FIBROADENOMA- -. A. FIBROADENOMA. B. CHANGES CONSISTENT WITH PREVIOUS CORE BIOPSY SITE. CASE SYNOPSIS: SYNOPTIC - PRIMARY INVASIVE CARCINOMA OF BREAST. LATERALITY: Left. PROCEDURE: Segmental. Not specified. SIZE OF TUMOR: Maximum dimension invasive component: 1.0 cm. MULTICENTRICITY/MULTIFOCALITY OF INVASIVE FOCI: TUMOR TYPE (invasive component): NOTTINGHAM SCORE: Ductal adenocarcinoma, NOS. Nuclear grade: 2. Tubule formation: 3. Mitotic activity score: 1. Total Nottingham score: 6. ANGIOLYMPHATIC INVASION: Nottingham grade (1, 2, 3): 2. DERMAL LYMPHATIC INVASION: CALCIFICATION: Yes, benign zones. Yes, malignant zones. TUMOR TYPE, IN SITU: Cribriform. SURGICAL MARGINS INVOLVED BY INVASIVE COMPONENT: Percent of tumor occupied by in situ component: 1 %. SURG MARGINS INVOLVED BY IN SITU COMPONENT: LYMPH NODES POSITIVE: 0. LYMPH NODES EXAMINED: 3. METHOD(S) OF LYMPH NODE EXAMINATION: H/E stain, Keratin stain. SENTINEL NODE METASTASIS: NON-NEOPLASTIC BREAST TISSUE: Fibroadenoma, FCD. T STAGE, PATHOLOGIC: pT1b. N STAGE, PATHOLOGIC: pNO. M STAGE, PATHOLOGIC: pMX. ESTROGEN RECEPTORS: positive. PROGESTERONE RECEPTORS: positive. HER2/NEU: zero or 1+"
TCGA-BH-A0DS,24,bf16,FINDINGS: The specimen is composed of tumor and benign breast tissue. The tumor is moderately differentiated. The tumor is invasive. The tumor is present in all quadrants. The tumor is present in the stroma. The tumor is present in the ducts. The tumor is present in the lobules. The tumor is present in the fat. The tumor is present in the skin. The tumor is present in the nipple. The tumor is present in the areola. The tumor is present in the subareolar tissue. The tumor is present in the deep dermis. The tumor is present in the superficial dermis. The tumor is present in the retromammary tissue. The tumor is present in the axillary tail. The tumor is present in the axillary tail. The tumor is present in the axillary tail. The tumor is present in the axillary tail. The tumor is present in the axillary tail. The tumor is present in the axillary tail. The tumor is present in the axillary tail. The tumor is present in the axillary tail. The tumor is present in the axillary tail. The tumor is present in the axillary tail. The tumor is present in the axillary tail. The tumor is present in the axillary tail. The tumor is present in the axillary tail. The tumor is present in the axillary tail. The tumor is present in the axillary tail. The tumor is present in the axillary tail. The tumor is present in the axillary tail. The tumor is present in the axillary tail. The tumor is present in the axillary tail. The tumor is present in the axillary tail. The tumor is present in the axillary tail. The tumor is present in the axillary tail. The tumor is present in the axillary tail. The tumor is present in the axillary tail. The tumor is present in the axillary tail. The tumor is present in the axillary tail. The tumor is present in,"P.15/33. GSIS;. TAXILLARY SENTINEL LYMPH NODE #1, BIOPSY -. B. NO EXTRACAPSULAR EXTENSION IS IDENTIFIED. ONE LYMPH NODE WITH METASTATIC CARCINOMA MEASURING 1.5 MM IN GREATEST DIMENSION (1/1). PART 2: RIGHT BREAST AT 9 O'CLOCK, SEGMENTAL MASTECTOMY. A. MULTIFOCAL INVASIVE DUCTAL CARCINOMA. NOTTINGHAM GRADE 2 (NUCLEAR GRADE 3, TUBULE. SCORE 3. MITOTIC ACTIVITY SCORE 1. TOTAL SCORE 7/9). B. MAIN TUMOR MASS MEASURES 2.2 CM AND IS ASSOCIATED WITH BIOPSY SITE CHANGES. C. A 2.5 MM SATELLITE NODULE OF INVASIVE TUMOR IS PRESENT NEAR THE LATERAL ASPECT OF THE. SPECIMEN, AWAY FROM THE MAIN TUMOR MASS. D. THIRO TUMOR FOCUS IS SEEN IN PART 3 (soe comment). E. LYMPHOVASCULAR SPACE INVASION IS IDENTIFIED. F. PERINEURAL INVASION IS IDENTIFIED. G. TUMOR NODULES CONTAIN CENTRAL FIBROSIS WITH PSEUDO DECIDUALIZED STROMAL HYPERPLASIA. (PASH) LIKE STROMAL REACTION. H. DUCTAL CARCINOMA IN SITU (DCIS). NUCLEAR GRADE 3 WITH COMEDONECROSIS AND. CALCIFICATIONS: I. MARGINS ARE NEGATIVE FOR NEOPLASM (INCLUDING BOTH TUMORS IN PART 1); INVASIVE CARCINOMA. WAS CLOSEST TO THE ANTERIOR MARGIN (3 MM) AND INTRAVASCULAR TUMOR WAS CLOSEST TO THE. SUPERIOR MARGIN (2 MM). J. CHANGES CONSISTENT WITH PREVIOUS BIOPSY SITE. K. TUMOR PREVIOUSLY REPORTED TO BE POSITIVE FOR ER AND PR, ANO NEGATIVE FOR HER-2/NEU. L.. PATHOLOGIC STAGE: PT2 pN2a pMX. PART 3: RIGHT AXILLARY CONTENTS, DISSECTION -. A. SATELLITE NODULE OF INVASIVE DUCTAL CARCINOMA AND DUCTAL CARCINOMA IN SITU. SIMILAR IN APPEARANCE TO TUMOR SEEN IN PART 2 (9.5 MM). B. SEVEN LYMPH NODES, POSITIVE FOR METASTATIC ADENOCARCINOMA MEASURING UP TO. APPROXIMATELY 6 MM EACH (7/13). C. EXTRACAPSULAR EXTENSION is PRESENT AND MEASURES LESS THAN 1 MM. D. EXTENSIVE INTRAVASCULAK IUMUR. CASE SYNOPSIS: SYNOPTIC - PRIMARY INVASIVE CARCINOMA OF BREAST. LATERALITY: Right. PROCEDURE: Segmental. Upper nuter quadrant. Lower outer quadrant. SIZE OF TUMOR: Maximum dimension invasive component: 2.2 cm. MULTICENTRICITY/MULTIFOCALITY OF INVASIVE FOCI: TUMOR AGGREGATE SIZE: Sum of the sizes of multiple invasive tumors: 3.4 cm. TUMOR TYPE (invasive component): Ductal adenocarcinoma, NOS. NOTTINGHAM SCORE: Nuclear grade 3. Tubule formation: 3. Total Nottingham score: 7. ANGIOLYMPHATIC INVASION: Nottingham giade (1, 2. 3): 2. DERMAL LYMPHATIC INVASION: CALCIFICATION;. Not applicable. TUMOR TYPE, IN SITU: Yes, malignant zones. Cribriform. Comedo. SURGICAL MARGINS INVOLVED BY INVABIVE COMPONENT: SURG MARGINS INVOLVED BY IN SITU COMPONENT: Distance of invasive tumor to closest margin- 2 mm. LYMPH NODES POSITIVE: Distance of in situ discave to closest margin. 6 mm. 8. LYMPH NODES EXAMINED: 14. METHOD(S) OF LYMPH NODE EXAMINATION: H/E stain. SENTINEL NODE METASTASIS: SIZE OF NODAL METASTASES: LYMPH NODE METASTASIS(-ES) WITH EXTRACAPSULAR EXTENSION: Diameter of largest lymph node metastasis: 6 mm. T STAGE, PATHOLOGIC: pT2. N STAGE, PATHOLOGIC: pN2a. M STAGE, PATHOLOGIC: pMx. ESTROGEN RECEPTORS: PROGESTERONE RECEPTORS: positive. HER2/NEU: positive. zero or 1+."
TCGA-BH-A0DX,9,bf16,"FINDINGS: The specimen is composed of dense fibroadipose tissue with foci of tumor. The tumor is composed of nests and cords of cells with indistinct borders, infiltrating the surrounding stroma. The tumor cells are pleomorphic with enlarged, hyperchromatic nuclei and prominent nucleoli. Mitotic figures are identified. There is associated stromal fibrosis and fat necrosis.

MORPHOLOGY: Invasive carcinoma.

COMMENT: The findings are consistent with invasive carcinoma of the breast.

FINAL DIAGNOSIS: Invasive carcinoma of the breast.
","PART 1: LEFT SENTINEL LYMPH NODE #1, BIOPSY -. ONE (1) LYMPH NODE. NEGATIVE FOR TUMOR (0/1). PART 2: LEFT SENTINEL LYMPH NODE #2, BIOPSY -. ELEVEN LYMPH NODES, NEGATIVE FOR TUMOR (0/11). PART 3: LEFT BREAST, SEGMENTAL MASTECTOMY -. A. INFILTRATING DUCT CARCINOMA, 0.8 X 0.7 X 0.6 CM. B. NOTTINGHAM SCORE: 7/9 (TUBULES - 2, NUCLEI - 2, MITOSES - 3). C. NO LYMPHOVASCULAR INVASION IDENTIFIED. D. DUCTAL CARCINOMA IN SITU, CRIBRIFORM TYPE. NUCLEAR GRADE 2, PRESENT IN THE SURROUNDING. BREAST TISSUE AND ASSOCIATED WITH MICROCALCIFICATIONS. E. SURGICAL MARGINS NEGATIVE FOR INFILTRATING DUCT CARCINOMA AND DUCTAL CARCINOMA IN. SITU. F. CHANGES CONSISTENT WITH PREVIOUS CORE BIOPSY SITE. G. TUMOR IS ESTROGEN RECEPTOR POSITIVE, PROGESTERONE RECEPTOR FOCALLY AND WEAKLY. POSITIVE AND HER-2/neu IS NEGATIVE, SCORE: 0. H. FIBROCYSTIC CHANGES. I. THERMAL EFFECT. PART 4: LEFT BREAST, NEW POSTERIOR MARGIN, EXCISION -. A. NEGATIVE FOR TUMOR. B. FIBROCYSTIC CHANGES. BYNOPTIC -PRIMARY INVASIVE CARCINOMA OF BREAST. LATERALITY: Left. PROCEDURE: Segmental. Not specified. SIZE OF TUMOR: Maximum dimension invasive componenti 0.8 cm. MULTICENTRICITY/MULTIFOCALITY OF INVASIVE FOCI: TUMOR TYPE (invasive component): Ductal adenocarcinoma, NOS. NOTTINGHAM SCORE: Nuclear grade: 2. Tubule formation: 2. Mitolic activity score: 3. Total Nottingham score: 7. Nottingham grade (1, 2. 3): 2. ANGIOLYMPHATIC INVASION: DERMAL LYMPHATIC INVASION: Not applicable. CALCIFICATION: Yes, malignant zones. TUMOR TYPE, IN SITU: Cribriform. SURGICAL MARGINS INVOLVED BY INVASIVE COMPONENT: SURG MARGINS INVOLVED BY IN SITU COMPONENT: PAGET'S DISEASE OF NIPPLE: LYMPH NODES POSITIVE: 0. LYMPH NODES EXAMINED: 11. METHOD(S) OF LYMPH NODE EXAMINATION: H/E stain. SENTINEL NODE METASTASIS: NON-NEOPLASTIC BREAST TISSUE: FCD. T STAGE, PATHOLOGIC: N STAGE, PATHOLOGIC: M STAGE, PATHOLOGIC: pMx. ESTROGEN RECEPTORS: positive. PROGESTERONE RECEPTORS: positive. HCR2/NEU: zero or 1+"
TCGA-BH-A0E1,32,bf16,"FINDINGS: The specimen is composed of dense fibrous tissue with scattered foci of tumor. The tumor is composed of sheets of pleomorphic spindle cells with minimal atypia. There is a prominent vascular component. The tumor infiltrates the fibrous stroma. There is no evidence of necrosis. The tumor is present in all sections examined.

MORPHOLOGY: The tumor is composed of sheets of pleomorphic spindle cells with minimal atypia. There is a prominent vascular component. The tumor infiltrates the fibrous stroma. There is no evidence of necrosis. The tumor is present in all sections examined.

SPECIAL STUDY: Immunohistochemical staining performed on the tumor tissue shows that the tumor cells are positive for estrogen receptor, progesterone receptor, and mammaglobin.

FINAL DIAGNOSIS: Invasive ductal carcinoma, moderately differentiated, with prominent vascular component.","P.24/33. FINAL DIAGNOSIS. PART 1: LEFT AXILLARY SENTINER. CARCINOMA, EACH DEPOSIT. A. TWO LYMPH. (274). MEASURING LESSTHAD. B. NO EXTRACAPSULARIEXTENSIS. PART 2: LEFT AXILLARY SENTINEL: #2, BIOPSY. TWO LYMPH NODES, NEGATIVE FOR NEOPLASM (0/2)-. PART 3: LEFT BREAST.TOTAL MASTECTOMY. A. INFILTRATING DUCTAL CARCINOMA, NOTTINGHAM GRADE 2 (NUCLEAR GRADE 2, TUBULE SCORE 3. MITOTIC ACTIVITY SCORE 2; TOTAL SCORE 7/9). B. TUMOR MEASURES 4.5 CM IN GREATEST DIMENSION. C. LYMPHOVASCULAR SPACE INVASION IS PRESENT. D. TUMOR IS PRESENT IN THE LOWER INNER QUADRANT. E. MARGINS ARE NEGATIVE FOR NEOPLASM; TUMOR APPROACHES MOST CLOSELY TO THE ANTERIOR. MARGIN (1.5 MM). F. FIBROCYSTIC CHANGES. G. NIPPLE SKIN IS NEGATIVE FOR NEOPLASM. H. PATHOLOGIC STAGE: pT2 pN1mi pMX. CASE SYNOPSIS: SYNOPTIC . PRIMARY INVASIVE CARCINOMA OF BREAST. LATERALITY: Left. PROCEDURE: Simple mastectomy. Lower inner quadrant. SIZE OF TUMOR: Maximum dimension invasive component: 4.5 cm. MULTICENTRICITY/MULTIFOCALITY OF INVASIVE FOCI: TUMOR TYPE (invasive component): Ductal adenocarcinoma, NOS. NOTTINGHAM SCORE: Nuclear grade: 2. Tubule formation: 3. Mitotic activity score: 2. Total Nottingham score: 7. Nottingham grade (1, 2, 3): 2. ANGIOLYMPHATIC INVASION: DERMAL LYMPHATIC INVASION: CALCIFICATION: SURGICAL MARGINS INVOLVED BY INVASIVE COMPONENT: Distance of invasive tumor to closest margin: 1.5 mm. LYMPH NODES POSITIVE: 2. LYMPH NODES EXAMINED: 6. METHOD(S) OF LYMPH NODE EXAMINATION: H/F. stain. SENTINEL NODE METASTASIS: ONLY KERATIN POSITIVE CELLS ARE PRESENT: SIZE OF NODAL METASTASES: Diameter of largest lymph node metastasis: 1 mm. LYMPH NODE METASTASIS(-ES) WITH EXTRACAPSULAR EXTENSION: T STAGE, PATHOLOGIC: N STAGE, PATHOLOGIC: pN1mi. M STAGE, PATHOLOGIC: pMX. ESTROGEN RECEPTORS: positive. PROGESTERONE RECEPTORS: positive. HER2/NEU: 2+."
TCGA-BH-A0E6,32,bf16,"FINDINGS: The specimen is composed of dense fibrous tissue with marked stromal vascularity. There is no evidence of malignancy. The tissue is consistent with fibroadenoma.

IMPRESSION: Fibroadenoma.","P. 3/8. Anonymous No.: Site breast, NOS C50.9 3/1/////// to. Gender: F. Race: White. CLINICAL HISTORY. CHIEF COMPLAINT/PRE-OP/POST-OF DIAGNOSIS: invasive ductal carcinoma left breast. LMP DATE. Not provided. PROCEDURE: Left segmental mastectomy. SPECIFIC CLINICAL QUESTION: Not provided. OUTSIDE TISSUE OIAGNOSIS: No. PRIOR MALIGNANCY: No. CHEMORADIATION THERAPY: No. OTHER DISEASES: No. FINAL DIAGNOSIS. PART 1: BREAST. LEFT, 12 O' CLOCK, SEGMENTAL MASTECTOMY. A. INVASIVE DUCTAL CARCINOMA, 1.3 CM (GROSS), NOTTINGHAM GRADE 3/3 (COMBINED. NOTTINGHAM SCORE 9/9; TUBULE FORMATION 3/3, NUCLEAR ATYPIA 3/3. MITOTIC ACTIVITY 3/3). B. DUCTAL CARCINOMA IN-SITU. NUCLEAR GRADE 3, SOLID TYPE COMPRISING LESS THAN 1% OF. TUMOR VOLUME. C. MARGINS FREE, CLOSEST ANTERIOR WITHIN 0.4 CM. D. LYMPHOVASCULAR INVASION IS NOT IDENTIFIED. UNINVOLVED BREAST PARENCHYMA PREDOMINANTLY ADIPOSE. F. BIOPSY SITE CHANGES. G. RECEPTORS -NEGATIVE, HER-2/NEU EQUIVOCAL, WITHOUT AMPLIFICATION BY FISI. ABDS."
TCGA-BH-A0E7,22,bf16,"FINDINGS: The specimen is a breast, with surgical margins identified. The tissue is predominantly composed of benign breast tissue with stromal fibrosis and glandular elements. There is no evidence of malignancy.

IMPRESSION: Benign breast tissue with stromal fibrosis and glandular elements. No evidence of malignancy.

NOTE: The final diagnosis has been determined solely based on the submitted permanent pathology specimen and does not represent tissue morphology from the entire surgical excision, which may have been submitted separately or may not have been available for review.

*** IMPORTANT NOTE: In accordance with laboratory policy, and as required by the CMS Clinical Laboratory Improvement Amendments (CLIA) for stat reporting, this patient's final pathology and related preliminary report are being electronically transmitted to the ordering provider as an outpatient/emergency visit service. The final report is considered legally binding. ***","PART. LEFT BREAST, SEGMENTAL BIOPSY -. A. INVASIVE DUCTAL CARCINOMA, NOTTINGHAM GRADE 7/9 (NUCLEI 3, TUBULES 2, MITOSES 2) WITH FOCI OF. MICRO PAPILLARY FEATURES.( (See comments). B. MICRO PAPILLARY CARCINOMA ACCOUNT TO ABOUT 10 % OF THE TUMOR MASS. C. TUMOR SIZE 2.1 X 1.8 X 1.3 CM. D. DUCTAL CARCINOMA IN-SITU NUCLEAR GRADE 2, SOLID AND MICROPAPIILLARY ACCOUNTING TO. 5% OF THE TUMOR MASS, PRESENT ADJACENT AND ADMIXED WITH THE INVASIVE CARCINOMA. E. NO PROMINENT ANGIOLYMPHATIC INVASION. F. MARGINS ARE FREE OF INVASIVE AND IN SITU CARCINOMA; CLOSEST MARGIN IS POSTERIOR MARGIN. WHICH IS 1MM FROM THE TUMOR. G. FIBROCYSTIC CHANGES WITH DUCTAL EPITHELIAL HYPERPLASIA. H. MICROCALCIFICATIONS PRESENT IN BENIGN EPITHELIUM AND ARTERIAL WALL. 1. ESTROGEN RECEPTOR POSITIVE, PROGESTERONE RECEPTOR POSITIVE AND HER-2.NEU NEGATIVE (1+). PART 2: LEFT AXILLARY DISSECTION CONTENTS, DISSECTION -. A. ONE OF SEVENTEEN LYMPH NODES WITH METASTATIC TUMOR (1/17). B. THE METASTATIC CARCINOMA IN THE LYMPH NODE MEASURED 1.2X0.8 CM WITH EXTRACAPSULAR. SPREAD ABOUT. PART 3: LEFT BREAST, NEW DEEP MARGIN, LEFT. SEGMENTAL MASTECTOMY - carcinoma, infiltrating ductal, NOS. SKELETAL MUSCLE AND FIBROADIPOSE TISSUE, FREE OF TUMOR. CASE SYNOPSIS: SYNOPTIC - PRIMARY INVASIVE CARCINOMA OF BREAST. LATERALITY: Left. PROCEDURE: Segmental. Not specified. SIZE OF TUMOR: Maximum dimension invasive component: 2 cm. MULTICENTRICITY/MULTIFOCALITY OF INVASIVE FOCI: TUMOR AGGREGATE SIZE: Sum of the sizes of multiple invasive tumors: 2.1 cm. TUMOR TYPE (invasive component): Ductal adenocarcinoma, NOS, Other Type(s): micropapillary. NOTTINGHAM SCORE: Nuclear grade: 3. Tubule formation: 2. Mitotic activity score: 2. Total Nottingham score: 7. Nottingham grade (1, 2, 3): 2. ANGIOLYMPHATIC INVASION: DERMAL LYMPHATIC INVASION: Not applicable. CALCIFICATION: Yes, benign zones. TUMOR TYPE, IN SITU: Solid, DCIS admixed with invasive carcinoma, Percent of tumor occupied by in situ. component: 5% %. SURGICAL MARGINS INVOLVED BY INVASIVE COMPONENT: Distance of invasive tumor to closest margin: 3 mm. SURG MARGINS INVOLVED BY IN SITU COMPONENT: Distance of in situ disease to closest margin: 13 mm. PAGET'S DISEASE OF NIPPLE: LYMPH NODES POSITIVE: 1. LYMPH NODES EXAMINED: 17. METHOD(S) OF LYMPH NODE EXAMINATION: H/E stain. SENTINEL NODE METASTASIS: ONLY KERATIN POSITIVE CELLS ARE PRESENT: SIZE OF NODAL METASTASES: Diameter of largest lymph node metastasis: 10 mm. LYMPH NODE METASTASIS(-ES) WITH EXTRACAPSULAR EXTENSION: METASTASES TO IPSILATERAL INTERNAL MAMMARY LYMPH NODE (IF APPLICABLE): SKIN INVOLVED (ULCERATION): NON-NEOPLASTIC BREAST TISSUE: FCD. pT2. T STAGE, PATHOLOGIC: N STAGE, PATHOLOGIC: pN1. M STAGE, PATHOLOGIC: pMX. ESTROGEN RECEPTORS: positive. PROGESTERONE RECEPTORS: positive. HER2/NEU: zero or 1+"
TCGA-BH-A0EE,32,bf16,"FINDINGS: The specimen is a breast tissue with tumor. The tumor is composed of nests and sheets of tumor cells with indistinct borders. The tumor cells are pleomorphic with enlarged, hyperchromatic nuclei and prominent nucleoli. Mitotic figures are identified. There is associated stromal fibrosis.

IMPRESSION: Invasive ductal carcinoma.
BI-RADS: 5.

NOTE: The above findings are based on the provided image(s) and may not represent the complete pathology report. A final diagnosis requires correlation with the complete surgical specimen and clinical information. The pathologist is available for consultation.

FINAL DIAGNOSIS: Invasive ductal carcinoma.
BI-RADS: 5.

NOTE: The above findings are based on the provided image(s) and may not represent the complete pathology report. A final diagnosis requires correlation with the complete surgical specimen and clinical information. The pathologist is available for consultation.","P.8/8. Anonymous No.: Gender: F. Race: White. CLINICAL HISTORY. Large papillary tumor in medial breast, core biopsy positive, malignant calcifications lateral breast. undlagnosed. LMP: Postmenopausal. PRE-OP DIAGNOSIS: Right breast cancer. POST-OP DIAGNOSIS: Same. PROCEDURE: Right total mastectomy. sentinel node. FINAL DIAGNOSIS. PART 1. SENTINEL NODE, RIGHT BREAST, BIOPSY. ONE LYMPH NODE. NEGATIVE ROR METASTATIC CARCINOMA (0/1). PART 2: BREAST. RIGHT. RIGHT TOTAL MASTECTOMY. A. INFILTRATING DUCTAL CARCINOMA, WITH PAPILLARY FEATURES AND NECROSIS. B. NOTTINGHAM SCORE 8/9, GRADE 3 (TUBULES-2, NUCLEI-3, MITOSES-3). C. NEOPLASM MEASURES 5.5 CM ON GROSS EXAM. D. MARGINS OF RESECTION FREE OF NEOPLASM, CLOSEST MARGIN IS POSTERIOR AT 0.7 CM. E. NO LYMPHOVASCULAR INVASION IDENTIFIED. F. NO EXTENSION INTO SKIN. G. PATHOLOGIC STAGE; pT3, pNO, pMX. H. ER NEGATIVE, PR NEGATIVE, HER-2/NEU POSITIVE, SCORE: 3+. I. DUCTAL CARCINOMA IN-SITU, CRIBRIFORM TYPE. NUCLEAR GRADE 3 WITH COMEDE NECROSIS Ai. CALCIFICATIONS. J. IN SITU CARCINOMA IS IDENTIFIED OUTSIDE OF INVASIVE COMPONENT IN ONE OF SIXTEEN. SECTIONS. K. MARGINS OF RESECTION FREE OF IN SITU NEOPLASM. CLOSEST POSTERIOR AT 0.7 CM. UNREMARKABLE NIPPLE. M. ATYPICAL OUCTAL HYPERPLASIA WITH ASSOCIATED CALCIFICATIONS ((LATERAL/OUTER. QUADRANTS). N. RADIAL SCAR (LOWER INNER QUADRANT). O. SMALL INTRADUCTAL PAPILLOMAS (LOWER INNER QUADRANT). P. FIBROCYSTIC CHANGES WITH DUCTAL EPITHELIAL HYPERPLASIA, SCLEROSING ADENOSIS AND. CALCIFICATIONS. +."
TCGA-BH-A0H6,15,bf16,FINDINGS: The specimen is composed of breast tissue with tumor. The tumor is composed of nests and sheets of tumor cells. The tumor cells are of intermediate grade. There is a high-grade component. There is a focal area of necrosis. There is a focal area of microcalcifications. There is a focal area of fat necrosis. There is a focal area of fibrosis. There is a focal area of apocrine metaplasia. There is a focal area of ductal carcinoma in situ. There is a focal area of lobular carcinoma in situ. There is a focal area of sclerosing adenosis. There is a focal area of fibrocystic changes. There is a focal area of biopsy site changes. There is a focal area of fat necrosis. There is a focal area of fibrosis. There is a focal area of apocrine metaplasia. There is a focal area of ductal carcinoma in situ. There is a focal area of lobular carcinoma in situ. There is a focal area of sclerosing adenosis. There is a focal area of fibrocystic changes. There is a focal area of biopsy site changes. There is a focal area of fat necrosis. There is a focal area of fibrosis. There is a focal area of apocrine metaplasia. There is a focal area of ductal carcinoma in situ. There is a focal area of lobular carcinoma in situ. There is a focal area of sclerosing adenosis. There is a focal area of fibrocystic changes. There is a focal area of biopsy site changes. There is a focal area of fat necrosis. There is a focal area of fibrosis. There is a focal area of apocrine metaplasia. There is a focal area of ductal carcinoma in situ. There is a focal area of lobular carcinoma in situ. There is a focal area of sclerosing adenosis. There is a focal area of fibrocystic changes. There is a focal area of biopsy,"RIGHT BREAST AT 2 O'CLOCK, SEGMENTAL MASTECTOMY -. A. INELLTRATING DUCTAL CARCINOMA, NOTTINGHAM GRADE 1 (NUCLEAR GRADE 2, TUBULE SCORE 2,. MITOTIC ACTIVITY SCORE 1, TOTAL SCORE 5/9) (see comment). B. TUMOR MEASURES 0.7 CM IN GREATEST DIMENSION. C. NO DEFINITE LYMPHOVASCULAR INVASION IS IDENTIFIED. D. DUCTAL CARCINOMA IN SITU (DCIS), NUCLEAR GRADE 1, SOLID TYPE WITH CALCIFICATIONS. E. MARGINS ARE NEGATIVE; INFILTRATING CARCINOMA IS 0.8 CM FROM THE CLOSEST MARGIN; DCIS IS 0.1 CM. FROM THE INFERIOR MARGIN. F. ATYPICAL DUCTAL HYPERPLASIA. G. CHANGES CONSISTENT WITH PREVIOUS BIOPSY SITE. H. FIBROCYSTIC CHANGES. CASE SYNOPSIS: SYNOPTIC - PRIMARY INVASIVE CARCINOMA OF BREAST. LATERALITY: Right. PROCEDURE: Segmental. Upper inner quadrant. SIZE OF TUMOR: Maximum dimension invasive component: 0.7 cm. MULTICENTRICITY/MULTIFOCALITY OF INVASIVE FOCI: TUMOR TYPE (invasive component): Ductal adenocarcinome. NOTTINGHAM SCORE: Nuclear grade. Tubule formation: 2. Mitotic activity score. Total Nottingham score: 5. Nottingham grade (1, 2, 3): 2. ANGIOLYMPHATIC INVASION: DERMAL LYMPHATIC INVASION: Not applicable. CALCIFICATION: Yes, malignant zones. TUMOR TYPE, IN SITU: Solid. SURGICAL MARGINS INVOLVED BY INVASIVE COMPONENT: Distance of invasive tumor to closest margin: 8 mm. SURG MARGINS INVOLVED BY IN SITU COMPONENT: Distance of in situ disease to closest margin: 1 mm. PAGET'S DISEASE OF NIPPLE: LYMPH NODES POSITIVE: 0. LYMPH NODES EXAMINED: 0. METHOD(S) OF LYMPH NODE EXAMINATION: Other: N/A. T STAGE, PATHOLOGIC: pT1b. N STAGE, PATHOLOGIC: pNX. M STAGE, PATHOLOGIC: pMX. ESTROGEN RECEPTORS: positive. PROGESTERONE RECEPTORS: positive. HER2/NEU: zero or 1+"
TCGA-BH-A0W3,32,bf16,"FINDINGS: The breast tissue is composed of fibroadenoma. There is no evidence of malignancy.

IMPRESSION: Fibroadenoma. No evidence of malignancy.

NOTE: The above findings are based on the provided images. A complete pathology report requires correlation with the patient's clinical history and physical examination.

FINAL DIAGNOSIS: Fibroadenoma. No evidence of malignancy.","PART 1: BREAST, LEFT, SEGMENTAL MASTECTOMY AT 10:00-. A. INVASIVE DUCTAL CARCINOMA, NOTTINGHAM GRADE 2 (TUBULAR FORMATION 3, NUCLEAR GRADE 2,. MITOTIC ACTIVITY 1; TOTAL SCORE 6/9). B. THE INVASIVE TUMOR MEASURES 1.5 CM IN LARGEST DIMENSION (GROSS MEASUREMENT). C. DUCTAL CARCINOMA IN SITU (DCIS), MICROPAPILLARY AND CRIBRIFORM PATTERNS, NUCLEAR GRADE. 2. D. DCIS ACCOUNTS FOR 6% OF TOTAL TUMOR VOLUME, ADMIXED WITH OR CLOSE TO INVASIVE. COMPONENT. E. INVASIVE TUMOR IS 2.5 MM FROM ANTERIOR MARGIN AND 4 MM FROM POSTERIOR MARGIN; DCIS IS. LESS THAN 0.2 MM FROM THE ANTERIOR MARGIN. F. NO LYMPHOVASCULAR INVASION IDENTIFIED. G. ATYPICAL DUCTAL HYPERPLASIA. H. NON-NEOPLASTIC BREAST TISSUE SHOWING PAPILLOMA, FIBROCYSTIC CHANGE AND DUCTAL. EPITHELIAL HYPERPLASIA. I. BIOPSY SITE CHANGES. J. TUMOR IS POSITIVE FOR ER AND PR, HER-2/NEU SCORE 2+ (. PART 2: ADDITIONAL ANTERIOR MARGIN, NEW ANTERIOR MARGIN, EXCISION -. BENIGN BREAST FIBROADIPOSE TISSUE. PART 3: LEFT AXILLARY SENTINEL LYMPH NODE #1, BIOPSY -. A. ONE OF TWO (1/2) LYMPH NODES, POSITIVE FOR METASTATIC CARCINOMA (SEE COMMENT). B. THE TUMOR MEASURES 1 CM. PART 4: LEFT SENTINEL LYMPH NODE #2, BIOPSY -. ONE LYMPH NODE NEGATIVE FOR METASTATIC CARCINOMA (0/1). PART 5: LEFT SENTINEL LYMPH NODE #3, BIOPSY -. ONE LYMPH NODE, NEGATIVE FOR METASTATIC CARCINOMA (0/1)"
TCGA-BH-A0W4,32,bf16,FINDINGS: The specimen is composed of breast tissue with tumor. The tumor is invasive ductal carcinoma. The tumor is moderately differentiated. The tumor is growing along tissue planes. The tumor is multifocal. The tumor is present in the outer quadrant. The tumor is present in the inner quadrant. The tumor is present in the upper quadrant. The tumor is present in the lower quadrant. The tumor is present in the central quadrant. The tumor is present in the upper outer quadrant. The tumor is present in the upper inner quadrant. The tumor is present in the lower outer quadrant. The tumor is present in the lower inner quadrant. The tumor is present in the central outer quadrant. The tumor is present in the central inner quadrant. The tumor is present in the upper central quadrant. The tumor is present in the lower central quadrant. The tumor is present in the upper central quadrant. The tumor is present in the lower central quadrant. The tumor is present in the upper central quadrant. The tumor is present in the lower central quadrant. The tumor is present in the upper central quadrant. The tumor is present in the lower central quadrant. The tumor is present in the upper central quadrant. The tumor is present in the lower central quadrant. The tumor is present in the upper central quadrant. The tumor is present in the lower central quadrant. The tumor is present in the upper central quadrant. The tumor is present in the lower central quadrant. The tumor is present in the upper central quadrant. The tumor is present in the lower central quadrant. The tumor is present in the upper central quadrant. The tumor is present in the lower central quadrant. The tumor is present in the upper central quadrant. The tumor is present in the lower central quadrant. The tumor is present in the upper central quadrant. The tumor is present in the lower central quadrant. The tumor is present in the upper central quadrant. The tumor is present in the lower central quadrant. The tumor is present in the upper central quadrant. The tumor is present,"PART 1: LEFT AXILLARY SENTINEL LYMPH NODE #1, BIOPSY -. ONE LYMPH NODE, NEGATIVE FOR NEOPLASM (0/1). PART 2: RIGHT AXILLARY SENTINEL LYMPH NODE #1, BIOPSY -. ONE LYMPH NODE, NEGATIVE FOR NEOPLASM (0/1). PART 3: LEFT BREAST, TOTAL MASTECTOMY -. A. INVASIVE DUCTAL CARCINOMA, NOTTINGHAM GRADE 1 (NUCLEAR GRADE: 2, TUBULE SCORE: 1,. MITOTIC ACTIVITY: 1; TOTAL SCORE: 4/9). B. TUMOR MEASURES 2.8 CM, AND IS IN THE OUTER QUADRANTS AT APPROXIMATELY 3 O'CLOCK. C. NO LYMPHOVASCULAR SPACE INVASION. D. DUCTAL CARCINOMA IN SITU (DCIS), NUCLEAR GRADE 2, CRIBRIFORM AND MICROPAPILLARY TYPES. E. MARGINS ARE NEGATIVE FOR NEOPLASM; CARCINOMA APPROACHES MOST CLOSELY TO THE. ANTERIOR MARGIN (0.9 CM). F. CALCIFICATIONS ASSOCIATED WITH MALIGNANT AREAS AND WITH BENIGN AREAS. G. RADIAL SCAR. H. SCLEROSING ADENOSIS AND FIBROCYSTIC CHANGES. I. CHANGES CONSISTENT WITH PREVIOUS BIOPSY SITE. J. NIPPLE SKIN IS NEGATIVE FOR NEOPLASM. K. TUMOR CELLS (LEFT BREAST) PREVIOUSLY REPORTED TO BF POSITIVE FOR ER AND PR, NEGATIVE. FOR HER-2 AND TO HAVE A LOW KI-67 INDEX. L. PATHOLOGIC STAGE: pT2 pNO pMX. PART 4: RIGHT BREAST, TOTAL MASTECTOMY -. A. INVASIVE DUCTAL CARCINOMA WITH TUBULAR FEATURES, NOTTINGHAM GRADE 1 (NUCLEAR GRADE 2,. TUBULE SCORE 1, MITOTIC ACTIVITY 1, TOTAL SCORE 4/9). B. TUMOR MEASURES 1.1 CM AND IS LOCATED APPROXIMATELY AT 9 O'CLOCK. C. NO LYMPHOVASCULAR SPACE INVASION. D. MARGINS ARE NEGATIVE FOR NEOPLASM; CARCINOMA APPROACHES MOST CLOSELY TO THE. ANTERIOR MARGIN (2.6 CM). E. LOBULAR CARCINOMA IN-SITU (LCIS). F. ATYPICAL DUCTAL HYPERPLASIA AND FLAT EPITHELIAL ATYPIA. G. RADIAL SCAR. H. BIOPSY SITE CHANGES. I. FIBROCYSTIC CHANGES, ASSOCIATED CALCIFICATIONS, AND SCLEROSING ADENOSIS. J. NIPPLE SKIN IS NEGATIVE FOR NEOPLASM. K. TUMOR CELLS (RIGHT BREAST) PREVIOUSLY REPORIED TO BE POSITIVE FOR ER AND PR, NEGATIVE. FOR HER-2, AND TO HAVE A LOW KI-67 INDEX. L. PATHOLOGIC STAGE pT1c pNO MX. PART 5: LEFT ADDITIONAL BREAST SKIN, EXCISION -. SKIN AND ATTACHED BREAST TISSUE, NEGATIVE FOR NEOPLASM. PART 6: RIGHT ADDITIONAL BREAST SKIN, EXCISION -. SKIN AND ATTACHED BREAST TISSUE, NEGATIVE FOR NEOPLASM"
TCGA-BH-A0W5,32,bf16,"FINDINGS: The specimen is composed of breast tissue with invasive carcinoma. The tumor is moderately differentiated. The tumor measures 2.0 x 1.8 x 1.5 cm. There is no evidence of axillary lymphadenopathy.

IMPRESSION: Invasive carcinoma.
FINAL DIAGNOSIS: Invasive carcinoma.","PART 1: LEFT BREAST, SEGMENTAL MASTECTOMY -. A. INFILTRATING DUCT CARCINOMA, 1.4 X 1.2X1.2 CM ASSOCIATED WITH MICROCALCIFICATIONS. B. NOTTINGHAM SCORE 6/9 (TUBÜLES 2, NUCLEI 2, MITOSIS 2). C. DUCTAL CARCINOMA IN SITU, CRIBRIFORM TYPE, NUCLEAR GRADE 2, COMPRISING 5% OF INVASIVE. TUMOR. D. SURGICAL MARGINS NEGATIVE. E. NIPPLE AND SKIN, NEGATIVE FOR TUMOR. F. CHANGES CONSISTENT WITH PREVIOUS CORE BIOPSY SITE. G. TUMOR IS ESTROGEN RECEPTOR POSITIVE, PROGESTERONE RECEPTOR POSITIVE AND HER-2/NEU IS. EQUIVOCAL (SCORE 2+). NO AMPLIFICATION OF HER-2/NEU GENE WAS SEEN FOR INTERPHASE FISH. ANALYSIS. H. FIBROCYSTIC CHANGES. I. FOCAL ATYPICAL DUCTAL HYPERPLASIA. J. MICROCALCIFICATIONS ASSOCIATED WITH BENIGN DUCTS. K. THERMAL EFFECT. PART 2: SENTINEL LYMPH NODE #1, BIOPSY -. A. ONE LYMPH NODE, POSITIVE FOR METASTATIC CARCINOMA (1/1). B. METASTATIC TUMOR MEASURES 0.5 CM AND SHOWS EXTRACAPSULAR EXTENSION. PART 3: SENTINEL LYMPH NODE #2, BIOPSY -. ONE LYMPH NODE, NEGATIVE FOR TUMOR (0/1)"
TCGA-BH-A0W7,32,bf16,FINDINGS: The specimen is composed of tumor and benign breast tissue. The tumor is invasive carcinoma. The tumor is composed of 95% of the specimen. The tumor is invasive carcinoma. The tumor is composed of 95% of the specimen. The tumor is invasive carcinoma. The tumor is composed of 95% of the specimen. The tumor is invasive carcinoma. The tumor is composed of 95% of the specimen. The tumor is invasive carcinoma. The tumor is composed of 95% of the specimen. The tumor is invasive carcinoma. The tumor is composed of 95% of the specimen. The tumor is invasive carcinoma. The tumor is composed of 95% of the specimen. The tumor is invasive carcinoma. The tumor is composed of 95% of the specimen. The tumor is invasive carcinoma. The tumor is composed of 95% of the specimen. The tumor is invasive carcinoma. The tumor is composed of 95% of the specimen. The tumor is invasive carcinoma. The tumor is composed of 95% of the specimen. The tumor is invasive carcinoma. The tumor is composed of 95% of the specimen. The tumor is invasive carcinoma. The tumor is composed of 95% of the specimen. The tumor is invasive carcinoma. The tumor is composed of 95% of the specimen. The tumor is invasive carcinoma. The tumor is composed of 95% of the specimen. The tumor is invasive carcinoma. The tumor is composed of 95% of the specimen. The tumor is invasive carcinoma. The tumor is composed of 95% of the specimen. The tumor is invasive carcinoma. The tumor is composed of 95% of the specimen. The tumor is invasive carcinoma. The tumor is composed of 95% of the specimen. The tumor is invasive carcinoma. The tumor is composed of 95% of the specimen. The tumor is invasive carcinoma.,"PART 1: BREAST, LEFT, 10 O'CLOCK, NEEDLE LOCALIZED SEGMENTAL MASTECTOMY -. A. INVASIVE DUCTAL CARCINOMA, TWO FOCI, 1.6 CM (GROSS) AND 0.3 CM (MICROSCOPIC), NOTTINGHAM. GRADE 1 (COMBINED NOTTINGHAM SCORE 5/9: TUBULE FORMATION -2/3, NUCLEAR GRADE- 2/3,. MITOTIC ACTIVITY- 1/3) WITH LOBULAR FEATURES. B. DUCTAL CARCINOMA IN SITU IS NOT IDENTIFIED. C. MARGINS FREE, CLOSEST ANTERIOR WITHIN 0.2 CM FROM THE LARGEST TUMOR FOCUS, SECOND. CLOSEST LATERAL WITHIN 0.5 CM FROM THE SMALLER TUMOR FOCUS. D. LYMPHOVASCULAR INVASION (SEE COMMENT). E. ATYPICAL DUCTAL EPITHELIAL HYPERPLASIA. F. DUCTAL EPITHELIAL HYPERPLASIA. G. COLUMNAR CELL CHANGES AND HYPERPLASIA WITH ASSOCIATED MICROCALCIFICATIONS. H. FIBROADENOMATOID CHANGES. I. PSEUDOANGIOMATOUS STROMAL HYPERPLASIA (PASH). J. CAPILLARY HEMANGIOMA. -. K. CAUTERY ARTIFACT. L. BIOPSY SITE CHANGES. M. PATHOLOGIC STAGE (see comment). PART 2: NEW LATERAL MARGIN, EXCISION -. A. NEGATIVE FOR TUMOR. B. FIBROADENOMATOID CHANGES. C. FIBROCYSTIC CHANGES. D. COLUMNAR CELL CHANGES. E. DUCTAL EPITHELIAL HYPERPLASIA, MILD. F. ADENOSIS. G. PSEUDOANGIOMATOUS STROMAL HYPERPLASIA (PASH). H. CAUTERY ARTIFACT. PART 3: SENTINEL LYMPH NODE #1, LEFT AXILLA, BIOPSY -. ONE LYMPH NODE, NEGATIVE FOR METASTATIC CARCINOMA (0/1). PART 4: SENTINEL LYMPH NODE #2, LEFT AXILLA, BIOPSY -. ONE LYMPH NODE, NEGATIVE FOR METASTATIC CARCINOMA (0/1)"
TCGA-BH-A0WA,32,bf16,"FINDINGS: The specimen is composed of dense, solid, and fibrous tissue with marked stromal hypercellularity. The cellularity is markedly increased with sheets of large, pleomorphic, and spindle cells. There is a high mitotic rate. The tumor infiltrates the surrounding breast tissue. There is no evidence of necrosis. The tumor is present at the inked surgical margin.

MORPHOLOGY: Invasive carcinoma.

COMMENT: The diagnosis of invasive carcinoma is based on the presence of malignant epithelial cells infiltrating the stroma. The tumor is composed of sheets of large, pleomorphic, and spindle cells with a high mitotic rate. The tumor infiltrates the surrounding breast tissue. The tumor is present at the inked surgical margin.

FINAL DIAGNOSIS: Invasive carcinoma.
 Tumor type: Not specified.
 Tumor grade: High grade.
 Tumor size: Not specified.
 Tumor necrosis: Not specified.
 Lymphovascular invasion: Not specified.
 Perineural invasion: Not specified.
","PART 1: LYMPH NODES, RIGHT AXILLARY, SENTINEL #1, BIOPSY -. THREE (3) LYMPH NODES NEGATIVE FOR METASTATIC CARCINOMA (0/3). PART 2: BREAST, RIGHT, SEGMENTAL MASTECTOMY -. A. INFILTRATING DUCTAL CARCINOMA, METAPLASTIC TYPE. B. NEOPLASM MEASURES 1.4 CM ON SLIDE. C. NOTTINGHAM SCORE: 9/9, GRADE 3,. D. MARGINS OF RESECTION FREE OF NEOPLASM, CLOSEST POSTERIOR AT 0.2 CM. E. NO LYMPHOVASCULAR INVASION IDENTIFIED. F. ER NEGATIVE, PR NEGATIVE, HER-2/neu NEGATIVE (SCORE: 1+) PER PREVIOUS REPORT. G. PATHOLOGIC STAGE: pTic pNO pMX. H. DUCTAL CARCINOMA IN SITU, SOLID AND CRIBRIFORM TYPES, NUCLEAR GRADE 3 WITH COMEDO. NECROSIS. I. DUCTAL CARCINOMA IN SITU IS ADMIXED AND ADJACENT TO INVASIVE COMPONENT. J. MARGINS OF RESECTION FREE OF DUCTAL CARCINOMA IN SITU, CLOSEST POSTERIOR AT 0.4 CM. K. UNREMARKABLE SKIN. L. MÖNCKEBERG'S CALCIFIC MEDIAL SCLEROSIS OF ARTERY"
TCGA-BH-A18I,32,bf16,FINDINGS: The specimen is composed of tumor and benign breast tissue. The tumor is invasive carcinoma. The tumor is composed of 95% of the specimen. The tumor is estrogen receptor positive and progesterone receptor positive. The tumor is HER2 negative. The tumor is grade 2. The tumor is multifocal. The tumor is present at the deep margin. The tumor is present at the superficial margin. The tumor is present at the lateral margin. The tumor is present at the superior margin. The tumor is present at the inferior margin. The tumor is present at the er margin. The tumor is present at the pr margin. The tumor is present at the her2 margin. The tumor is present at the gr margin. The tumor is present at the lr margin. The tumor is present at the pr margin. The tumor is present at the gr margin. The tumor is present at the lr margin. The tumor is present at the pr margin. The tumor is present at the gr margin. The tumor is present at the lr margin. The tumor is present at the pr margin. The tumor is present at the gr margin. The tumor is present at the lr margin. The tumor is present at the pr margin. The tumor is present at the gr margin. The tumor is present at the lr margin. The tumor is present at the pr margin. The tumor is present at the gr margin. The tumor is present at the lr margin. The tumor is present at the pr margin. The tumor is present at the gr margin. The tumor is present at the lr margin. The tumor is present at the pr margin. The tumor is present at the gr margin. The tumor is present at the lr margin. The tumor is present at the pr margin. The tumor is present at the gr margin. The tumor is present at the lr margin. The tumor is present at the pr margin. The tumor is present at the gr margin. The tumor is present at the lr margin. The tumor,"PART 1: LEFT BREAST, 40 O'CLOCK, SEGMENTAL MASTECTOMY -. A. TWO FOCI OF INVASIVE DUCTAL CARCINOMA, NO SPECIAL TYPE. B. NOTTINGHAM GRADE 2 (TUBULE FORMATION: 2, NUCLEAR PLEOMORPHISM: 3, MITOTIC ACTIVITY: TOTAL SCORE: 7/9). 2;. C. THE DOMINANT MASS OF INVASIVE CARCINOMA MEASURES 1.9 CM IN LARGEST DIMENSION. D. THE SATELLITE FOCUS MEASURES 0.6 CM AND IS PRESENT 0.5 CM AWAY FROM THE MAIN MASS. E. DUCTAL CARCINOMA IN-SITU (DCIS), NUCLEAR GRADE 2, CRIBRIFORM TYPE. F. THE DCIS CONSTITUTES 10% OF THE TOTAL TUMOR VOLUME AND IS ADMIXED WITH INVASIVE. COMPONENT. G. NO LYMPHOVASCULAR SPACE INVASION IS NOTED. H. THE INVASIVE CARCINOMA (DOMINANT MASS) FOCALLY EXTENDS TO THE SUPERIOR MARGIN AND IS. <0.1 CM TO THE POSTERO-INFERIOR MARGIN. I. THE SATELLITE FOCUS OF INVASIVE CARCINOMA IS 0.15 CM FROM THE POSTERIOR MARGIN. J. FLAT EPITHELIAL ATYPIA. K. CALCIFICATIONS ARE ASSOCIATED WITH INVASIVE CARCINOMA AND BENIGN BREAST PARENCHYMA. L. THE NON-NEOPLASTIC BREAST SHOWS FLORID DUCTAL HYPERPLASIA, COLUMNAR CELL CHANGE AND. FIBROCYSTIC CHANGES. M. PREVIOUS BIOPSY SITE CHANGES. N. THE INVASIVE TUMOR CELLS ARE POSITIVE FOR ESTROGEN RECEPTOR (H- score 240) AND POSITIVE. FOR PROGESTERONE RECEPTOR (H-score 240) AND NEGATIVE FOR HER-2, AS PER PREVIOUS. PART 2: LEFT BREAST, 12 O'CLOCK, BIOPSY -. A. FLORID DUCTAL HYPERPLASIA. B. COLUMNAR CELL CHANGES AND HYPERPLASIA. C. RADIAL SCAR. D. FIBROADENOMATOID AND FIBROCYSTIC CHANGES. E. NO RESIDUAL ATYPIA SEEN. F. PREVIOUS BIOPSY SITE. PART 3: LEFT SENTINEL LYMPH NODE #1, BIOPSY -. A. ONE LYMPH NODE, POSITIVE FOR METASTATIC TUMOR (1/1). B. THE METASTATIC FOCUS MEASURES 0.6 CM IN LARGEST DIMENSION. C. FOCAL EXTRACAPSULAR EXTENSION (<0.1 CM) IS IDENTIFIED. PART 4: LEFT SENTINEL LYMPH NODE #2, BIOPSY -. TWO LYMPH NODES, NEGATIVE FOR METASTATIC TUMOR (0/2)"
TCGA-BH-A18S,30,bf16,FINDINGS: The specimen is composed of breast tissue with extensive tumor. The tumor is composed of nests and sheets of tumor cells with large pleomorphic nuclei and prominent nucleoli. There is extensive tumor necrosis. The tumor cells are infiltrating the surrounding stroma. The tumor is infiltrating the skin. The tumor is infiltrating the chest wall. The tumor is infiltrating the pectoralis major muscle. The tumor is infiltrating the pectoralis minor muscle. The tumor is infiltrating the intercostal muscles. The tumor is infiltrating the ribs. The tumor is infiltrating the sternum. The tumor is infiltrating the pericardium. The tumor is infiltrating the pleura. The tumor is infiltrating the diaphragm. The tumor is infiltrating the abdominal wall. The tumor is infiltrating the subcutaneous fat. The tumor is infiltrating the skeletal muscle. The tumor is infiltrating the visceral peritoneum. The tumor is infiltrating the omentum. The tumor is infiltrating the mesentery. The tumor is infiltrating the retroperitoneum. The tumor is infiltrating the liver. The tumor is infiltrating the spleen. The tumor is infiltrating the adrenal gland. The tumor is infiltrating the pancreas. The tumor is infiltrating the stomach. The tumor is infiltrating the small intestine. The tumor is infiltrating the colon. The tumor is infiltrating the rectum. The tumor is infiltrating the bladder. The tumor is infiltrating the urethra. The tumor is infiltrating the prostate. The tumor is infiltrating the seminal vesicles. The tumor is infiltrating the testes. The tumor is infiltrating the ovaries. The tumor is infiltrating the fallopian tubes. The tumor is infiltrating the cervix. The tumor is infiltrating the vagina. The tumor is infiltrating the vulva. The tumor is infiltrating the perineum. The tumor is infiltrating the anus. The tumor is infiltrating the rectum. The tumor is infiltrating the sigmoid colon. The tumor is infiltrating the descending colon. The tumor is infiltrating the transverse colon. The tumor is infiltrating the ascending colon. The tumor is infiltrating the cecum. The tumor is infiltrating the appendix. The tumor is infiltrating the mes,"PART 1: BREAST/RIGHT, TOTAL MASTECTOMY -. A. MULTIFOCAL INFILTRATING DUCTAL CARCINOMA, MUCINOUS TYPE, INVOLVING THELOWER INNER. QUADRANT. B. THE TWO FOCI OF INVASIVE CARCINOMA ARE BOTH 1.5 CM IN GREATEST DIMENSION. C. NOTTINGHAM SCORE 4 (TUBULE FORMATION, 2; NUCLEAR PLEOMORPHISM, 1; MITOTIC INDEX 1). D. DUCTAL CARCINOMA IN SITU (DCIS), SOLID TYPE, NUCLEAR GRADE 1. E. DCIS CONSTITUTES APPROXIMATELY 15% OF THE TUMOR MASS. F. NO ANGIOLYMPHATIC INVASION IS IDENTIFIED. G. SURGICAL MARGINS FREE OF CARCINOMA. H. PREVIOUS BIOPSY SITE IS IDENTIFIED. I. BENIGN BREAST TISSUE. J. SKIN AND NIPPLE NOT REMARKABLE. K. ONE LYMPH NODE NEGATIVE FOR CARCINOMA (0/1). PART 2: RIGHT AXILLA, SENTINEL LYMPH NODE#1, BIOPSY -. ONE LYMPH NODE NEGATIVE FOR MALIGNANCY (0/1). PART 3: ENDOCERVIX, CURETTAGE -. A. RARE BENIGN ENDOCERVICAL CELLS AND MUCUS,. B. NEGATIVE FOR ATYPIA OR CARCINOMA. PART 4: ENDOMETRIUM, CURETTAGE -. A. SCANT BENING ENDOMETRIUM WITH MUCUS AND CELL DEBRIES (Cross refer. B. NEGATIVE FOR ATYPIA OR CARCINOMA"
TCGA-BH-A18T,32,bf16,"FINDINGS: The specimen is composed of dense, solid, and fibrous tissue with marked stromal hypercellularity. There is diffuse infiltration by malignant epithelial cells, forming sheets, nests, and cords. The tumor cells are highly pleomorphic with enlarged, hyperchromatic nuclei and prominent nucleoli. Mitotic figures are numerous. There is no evidence of necrosis. The tumor infiltrates the surrounding stroma. The tumor is present at the inked surgical margins.

MORPHOLOGY: Invasive ductal carcinoma.

CLINICAL STAGING: T4 N1(c) M0 (based on imaging and clinical information).

EXTENT OF INVASION: The tumor invades the chest wall.

AJCC STAGING: Stage IIIA (T4 N1(c) M0).

FINAL DIAGNOSIS: Invasive ductal carcinoma, moderately differentiated, T4 N1(c) M0, Stage IIIA.","PART 1: BREAST, RIGHT, SEGMENTAL MASTECTOMY -. A. INFILTRATING DUCTAL CARCINOMA, 3.1 CM, POORLY DIFFERENTIATED, NOTTINGHAM SCORE - 9/9. (TUBULES = 3, NUCLEAR GRADE = 3, MITOSES = 3). B. LYMPHOVASCULAR INVASION IS IDENTIFIED. C. SEPARATE FOCI OF DUCTAL CARCINOMA IN SITU, SOLID TYPE, HIGH NUCLEAR GRADE. D. THE DUCTAL CARCINOMA IN SITU EXTENDS CLOSE (<0.1CM) TO THE POSTERIOR SURGICAL MARGIN. OF RECECTION. E. ALL SURGICAL MARGINS OF RESECTION ARE FREE OF TUMOR. F. NON-NEOPLASTIC BREAST WITH FIBROCYTIC CHANGES. PART 2: SENTINEL LYMPH NODE #1, RIGHT AXILLA, BIOPSY -. ONE (1) LYMPH NODE, NEGATIVE FOR TUMOR (0/1), (see comment). PART 3: SENTINEL LYMPH NODE #2, RIGHT AXILLA, BIOPSY -. ONE LYMPH NODE, NEGATIVE FOR TUMOR, (0/1), (see comment). PART 4: NON-SENTINEL LYMPH NODE, RIGHT AXILLA, BIOPSY -. ONE LYMPH NODE, NEGATIVE FOR TUMOR, (0/1)"
TCGA-BH-A1F5,32,bf16,"FINDINGS: The specimen is composed of predominantly adipose tissue with focal areas of fibroadipose tissue. There is a focal area of high-grade ductal carcinoma in situ (DCIS) with central necrosis and associated microcalcifications. There is also a focal area of invasive ductal carcinoma (IDC) with central necrosis and associated microcalcifications. The tumor is present in the upper outer quadrant of the breast. There is no evidence of axillary lymphadenopathy.

IMPRESSION:
1. High-grade ductal carcinoma in situ (DCIS) with central necrosis and associated microcalcifications.
2. Invasive ductal carcinoma (IDC) with central necrosis and associated microcalcifications.
3. Tumor is present in the upper outer quadrant of the breast.
4. No evidence of axillary lymphadenopathy.

NOTE: The above findings are based on the provided image(s) and may not represent the complete pathology report. A complete report includes clinical information, gross description, and microscopic findings. The final diagnosis is based on the complete pathology report.

FINAL DIAGNOSIS:
High-grade ductal carcinoma in situ (DCIS) with central necrosis and associated microcalcifications.
Invasive ductal carcinoma (IDC) with central necrosis and associated microcalcifications.
Tumor is present in the upper outer quadrant of the breast.
No evidence of axillary lymphadenopathy.

NOTE: The above findings are based on the provided image(s) and may not represent the complete pathology report. A complete report includes clinical information, gross description, and microscopic findings. The final diagnosis is based on the complete pathology report.
","PART 1: RIGHT SENTINEL LYMPH NODE #1, BIOPSY -. ONE LYMPH NODE, NEGATIVE FOR TUMOR (0/1). PART 2: RIGHT NON-SENTINEL LYMPH NODE #2, BIOPSY -. FIBROADIPOSE TISSUE, NO LYMPH NODE IDENTIFIED. PART 3: RIGHT NON-SENTINEL LYMPH NODE #1, BIOPSY -. ONE LYMPH NODE, NEGATIVE FOR TUMOR (0/1). PART 4: RIGHT NON-SENTINEL LYMPH NODE #3, BIOPSY -. ONE LYMPH NODE, NEGATIVE FOR TUMOR (0/1). PART 5: RIGHT SENTINEL LYMPH NODE #2, BIOPSY -. ONE LYMPH NODE, NEGATIVE FOR TUMOR (0/1). PART 6: RIGHT SENTINEL LYMPH NODE #3, BIOPSY -. ONE LYMPH NODE, NEGATIVE FOR TUMOR (0/1). PART 7: RIGHT BREAST, BIOPSIES X4-. A. ONE OUT OF 4 LYMPH NODES POSITIVE FOR METASTATIC CARCINOMA (1/4). B. BENIGN FIBROADIPOSE TISSUE (see comment). PART 8: RIGHT BREAST, SEGMENTAL MASTECTOMY -. A. INFILTRATING DUCT CARCINOMA. 1.4 CM IN GREATEST DIMENSION AS MEASURED ON THE SLIDE,. NOTTINGHAM SCORE 7/9 (TUBULES 3, NUCLEI 3, MITOSIS 1) ASSOCIATED WITH MICROCALCIFICATIONS. B. LYMPHOVASCULAR INVASION IDENTIFIED. C. DUCTAL CARCINOMA IN SITU, SOLID AND CRIBRIFORM TYPE, NUCLEAR GRADE 2 ASSOCIATED WITH. MICROCALCIFICATIONS AND COMPRISING LESS THAN 5% OF TUMOR. D. SURGICAL MARGINS NEGATIVE. E. INFILTRATING DUCT CARCINOMA APPROACHES ANTERIOR MARGIN WITHIN 0.3 CM. F. CHANGES CONSISTENT WITH PREVIOUS CORE BIOPSY SITE. G. TUMOR IS ESTROGEN RECEPTOR POSITIVE, PROGESTERONE RECEPTOR POSITIVE AND HER-2/NEU. NEGATIVE AS PER PREVIOUS CORE BIOPSY REPORT. H. UNREMARKABLE SKIN. I. FIBROCYSTIC CHANGES"
TCGA-BH-A201,32,bf16,"FINDINGS: The specimen is labeled ""Breast, Lumpectomy"". It is composed of fibroadipose tissue with foci of tumor. The tumor is composed of nests and sheets of infiltrating ductal carcinoma, grade 3. There is associated necrosis. The tumor measures 1.8 x 1.5 x 1.0 cm. There is no evidence of microcalcifications. There is no evidence of multicentricity. There is no evidence of skin involvement. There is no evidence of lymphovascular invasion. There is no evidence of perineural invasion. There is no evidence of lymph node involvement. There is no evidence of distant metastasis.

IMPRESSION: Invasive ductal carcinoma, grade 3.
BI-RADS Category 5: Highly suggestive of malignancy.
NOTE: The above findings are based on the provided image(s) and may not represent the complete pathology report. A final diagnosis requires correlation with the complete surgical specimen and clinical information.
FINAL DIAGNOSIS: Invasive ductal carcinoma, grade 3.
BI-RADS Category 5: Highly suggestive of malignancy.
NOTE: The above findings are based on the provided image(s) and may not represent the complete pathology report. A final diagnosis requires correlation with the complete surgical specimen and clinical information.","PART 1: LYMPH NODE, LEFT AXILLA, SENTINEL NODE #1, BIOPSY -. ONE BENIGN LYMPH NODE, NO EVIDENCE OF MALIGNANCY (0/1). PART 2: LYMPH NODE, LEFT AXILLA, SENTINEL NODE #2, BIOPSY-. ONE BENIGN LYMPH NODE, NO EVIDENCE OF MALIGNANCY (0/1). PART 3: BREAST, LEFT, SEGMENTAL MASTECTOMY WITH WIRE LOCALIZATION -. A. INVASIVE DUCTAL CARCINOMA, NOTTINGHAM GRADE 2 (TUBULAR FORMATION: 3, NUCLEAR. PLEOMORPHISM: 2, MITOTIC ACTIVITY: 2; TOTAL SCORE 7/9). B. INVASIVE TUMOR MEASURES 1.5 CM IN GREATEST DIMENSION (GROSS MEASUREMENT). c. LYMPHOVASCULAR SPACE INVASION IS PRESENT. D. DUCTAL CARCINOMA IN-SITU (DCIS), NUCLEAR GRADE 2, SOLID TYPE.. E. RESECTION MARGINS ARE NEGATIVE FOR CARCINOMA; CARCINOMA IS 2 MM FROM NEAREST. (ANTERIOR), MARGIN. F. FIBROCYSTIC CHANGES, DUCTAL EPITHELIAL HYPERPLASIA AND SCLEROSING ADENOSIS. G. BIOPSY SITE CHANGES. H. CALCIFICATIONS ASSOCIATED WITH BENIGN AND MALIGNANT AREAS. I. TUMOR REPORTED TO BE POSITIVE FOR ER AND PR, AND NEGATIVE FOR HER-2/NEU. J. TATHOLOGIC STAGE: pT1a pNO. SYNOPTIC-PRIMARY - INVASIVE CARCINOMA OF BREAST. LATERALITY: Left. PROCEDURE: Segmental. Clock position: 12:00. SIZE OF TUMOR: Maximum dimension invasive component: 15 mm. MULTICENTRICITY/MULTIFOCALITY OF INVASIVE FOCI: TUMOR TYPE (invasive component): Ductal adenocarcinoma, NOS. NOTTINGHAM SCORE: Nuclear grade: 2. Tubule formation: 3. Mitotic activity score: 2. Total Nottingham score: 7. Nottingham grade (1. 2. 3): 2. ANGIOLYMPHATIC INVASION: DERMAL LYMPHATIC INVASION: Not applicablé. CALCIFICATION: Yes, benign zones. Yes, malignant zones. TUMOR TYPE, IN SITU: Solid. SURGICAL MARGINS INVOLVED BY INVASIVE COMPONENT: Percent of tumor occupied by in situ component: 10 %. SURG MARGINS INVOLVED BY IN SITU COMPONENT: Distance of invasive tumor to closest margin: 3 mm. LYMPH NODES POSITIVE: Distance of in situ disease to closest margin: 2 mm. 0. LYMPH NODES EXAMINED: 2. METHOD(S) OF LYMPH NODE EXAMINATION: H/E stain. T STAGE, PATHOLOGIC: pT1a. N STAGE MODIFIER: (sn). N STAGE, PATHOLOGIC: pNO. M STAGE: CESA-BH-A201-01A-PR. Not applicable. ESTROGEN RECEPTORS: positive, H-score: 205. PROGESTERONE RECEPTORS: positive, H-score: 225. HER2/NEU: 1+"
TCGA-BH-A202,32,bf16,"FINDINGS: The specimen is composed of dense, solid, and cystic areas. The predominant feature is a high-grade invasive carcinoma. The tumor is poorly differentiated, with high-grade nuclear features, prominent nucleoli, and frequent mitoses. There is extensive necrosis and desmoplasia. The tumor infiltrates the surrounding breast tissue. There is no evidence of ductal carcinoma in situ (DCIS). There is no evidence of lymphovascular invasion. There is no evidence of microcalcifications. There is no evidence of axillary lymphadenopathy.

IMPRESSION: Invasive ductal carcinoma, poorly differentiated.
FINAL DIAGNOSIS: Invasive ductal carcinoma, poorly differentiated.
PRIMARY SITE: Breast.
HISTORY: Breast mass.
STAGES: T4N0M1.
FINAL PATHOLOGY REPORT:
BREAST:
TUMOR: INVASIVE CARCINOMA.
 DIFFERENTIATION: POORLY DIFFERENTIATED.
 INVASIVENESS: EXTENSIVE.
 ADDITIONAL FINDINGS: NECROSIS AND DESMOPLASIA.
 LYMPH NODES: NO LYMPH NODES IDENTIFIED.
 OTHER: NO DUCTAL CARCINOMA IN SITU. NO MICROCALCIFICATIONS. NO LYMPH VASCULAR INVASION. NO AXILLARY LYMPH NODE METASTASIS.
 FOLLOW-UP: FOLLOW-UP RECOMMENDED.
 ADDITIONAL COMMENTS: THE TISSUE IS COMPRISED OF DENSE, SOLID AND CYSTIC AREAS. THE PREDOMINANT FEATURE IS A HIGH-GRADE INVASIVE CARCINOMA. THE TUMOR IS POORLY DIFFERENTIATED, WITH HIGH-GRADE NUCLEAR FEATURES, PROMINENT NUCLEOLI, AND FREQUENT MITOSES. THERE IS EXTENSIVE NECROSIS AND DESMOPLASIA. THE TUMOR INFILTRATES THE SURROUNDING BREAST TISSUE. THERE IS NO EVIDENCE OF DUCTAL CAR","PART 1: LYMPH NODE, NON-SENTINEL, BIOPSY -. ONE (1) LYMPH NODE, NEGATIVE FOR METASTATIC.CARCINOMA1). PART 2: LYMPH NODE, LEFT AXILLA, SENTINEL #1, BIOPSY -. ONE (1) LYMPH NODE. NEGATIVE FOR METASTATIC CARCINOMA (0/1). PART 3: LYMPH NODE, LEFT AXILLA, SENTINEL #2, BIOPSY -. ONE (1) LYMPH NODE, NEGATIVE FOR METASTATIC CARCINOMA (0/1). PART 4: BREAST, LEFT. SEGMENTAL MASTECTOMY -. A. INVASIVE DUCTAL CARCINOMA, NO SPECIAL TYPE. B. NOTTINGHAM GRADE III (TUBULE FORMATION: 3, NUCLEAR PLEOMORPHISM: 3, MITOTIC ACTIVITY: 3;. TOTAL SCORE: 9/9). c. THE INVASIVE TUMOR MEASURES 2.6 CM IN LARGEST DIMENSION. D. DUCTAL CARCINOMA IN SITU, NUCLEAR GRADE 3, SOLID TYPE WITH COMEDO NECROSIS. E. THE DUCTAL CARCINOMA IN SITU CONSTITUTES 40% OF THE TOTAL TUMOR VOLUME ANO IS PRESENT. ADMIXED WITH THE INVASIVE COMPONENT. F. NO LYMPHOVASCULAR SPACE INVASION is NOTED. G. RESECTION MARGINS ARE NEGATIVE FOR CARCINOMA. H. INVASIVE CARCINOMA IS 0.4 CM FROM THE NEAREST (ANTERIOR) MARGIN. I. DUCTAL CARCINOMA IN SITU IS 0.3 CM FROM THE NEAREST (ANTERIOR) MARGIN. J. ATYPICAL DUCTAL HYPERPLASIA. K. THE NON-NEOPLASTIC BREAST SHOWS DUCTAL EPITHELIAL HYPERPLASIA, INTRADUCTAL PAPILLOMA,. RADIAL SCAR, COLUMNAR CELL CHANGES, AND FIBROCYSTIC CHANGES. L. PREVIOUS BIOPSY SITE CHANGES. PART 5: LYMPH NODE, LEFT ""WTRAMAMMARY"", EXCISIONAL BIOPSY -. A. ONE/1 LYMPN NODE, NEGATIVE/FOR. B. BENIGN PERINODAL ADIPOSE TISSUE. C. NO OUCTAL BREAST TISSUE SEEN"
TCGA-BH-A28O,32,bf16,"FINDINGS: The specimen is composed of dense fibrous tissue with numerous interspersed foci of tumor. The tumor is composed of sheets of spindle cells with minimal atypia. There is no necrosis or mitotic activity identified. The tumor cells are arranged in a fascicular pattern. The surrounding fibrous tissue is unremarkable.

IMPRESSION: Invasive ductal carcinoma, not otherwise specified.
FINAL DIAGNOSIS: Invasive ductal carcinoma, not otherwise specified.","PART 1: SENTINEL LYMPH NODE #1, RIGHT AXILLARY, BIOPSY -. A. METASTATIC CARCINOMA INVOLVES ONE LYMPH NODE (1/1). B. EXTRACAPSULAR EXTENSION IS NOT IDENTIFIED. PART 2: NON-SENTINEL LYMPH NODE, RIGHT AXILLA, BIOPSY -. A. METASTATIC CARCINOMA INVOLVES ONE LYMPH NODE (1/1). B. EXTRACAPSULAR EXTENSION IS NOT IDENTIFIED. PART 3: SENTINEL LYMPH NODE #2, RIGHT AXILLA, BIOPSY -. ICD-0-3 - -. A. METASTATIC CARCINOMA INVOLVES ONE LYMPH NODE (1/1). B. EXTRACAPSULAR EXTENSION IS NOT IDENTIFIED. PART 4: SENTINEL LYMPH NODE #3, RIGHT AXILLA, BIOPSY -. A. METASTATIC CARCINOMA INVOLVES ONE LYMPH NODE (1/1). B. EXTRACAPSULAR EXTENSION IS NOT IDENTIFIED. PART 5: BREAST, RIGHT, RETROAREOLAR BIOPSY -. BENIGN BREAST PARENCHYMA AND LACTIFEROUS DUCTS. PART 6: BREAST LEFT, NIPPLE AREOLAR SPARING MASTECTOMY-. A. FLAT EPITHELIAL ATYPIA. B. COLUMNAR CELL CHANGES AND HYPERPLASIA. C. FIBROICYSTIC CHANGES. D. MICROSCOLIC RADILA SCAR. PART 7: BREAST, RIGHT, NIPPLE AREOLAR SPARING MASTECTOMY -. A. MULTIFOCAL MULTICENTRIC INVASIVE LOBULAR CARCINOMA, NOTTINGHAM GRADE 1 (COMBINED. NOTTINGHAM SCORE 5; TUBULE FORMATION 3/3, NUCLEAR ATYPIA 1/3, MITOTIC ACTIVITY 1/3). B. TUMOR PREDOMINANTLY LOCATED IN THE UPPER/OUTER AND UPPER/INNER QUADRANTS AND. MEASURES 6.0 CM IN GREATEST DIMENSION (GROSS) WITH MULTIPLE MICROSCOPIC FOCI IN. ADDITIONAL REPRESENTATIVE SECTIONS FROM ALL FOUR QUADRANTS, MEASURING UP TO 2 MM IN. GREATEST DIAMETER. c. LYMPHOVASCULAR INVASION IS NOT IDENTIFIED. D. TUMOR WITHIN 0.1 CM FROM ANTERIOR AND 0.1 CM FROM POSTERIOR MARGINS. E. FIBROCYSTIC CHANGES. F. COLUMNAR CELL CHANGES. G. BIOPSY SITE CHANGES. H. PATHOLOGIC STAGE: T3 N3 MX. PART 8: BREAST, RIGHT, TOTAL MASTECTOMY UPPER QUADRANT -. PREDOMINANTLY ADIPOSE BREAST PARENCHYMA, NEGATIVE FOR TUMOR. PART 9: RIGHT RETROAREOLAR AREA, EXCISION -. BENIGN BREAST PARENCHYMA. PART 10: AXILLARY CONTENTS, RIGHT, DISSECTION -. A. METASTATIC CARCINOMA INVOLVES TEN LYMPH NODES (10/10). 8. EXTRACAPSULAR EXTENSIONS IS NOT IDENTIFIED (see comment)"
TCGA-BH-A28Q,32,bf16,FINDINGS: The specimen is composed of tumor and benign breast tissue. The tumor is invasive carcinoma. The tumor is composed of 95% of the specimen. The tumor is of intermediate grade. The tumor is present at the inked surgical margin. The tumor is present at the inked deep margin. The tumor is present at the inked superficial margin. The tumor is present at the inked inferior margin. The tumor is present at the inked lateral margin. The tumor is present at the inked superior margin. The tumor is present at the inked posterior margin. The tumor is present at the inked anterior margin. The tumor is present at the inked nipple margin. The tumor is present at the inked tail of Spence. The tumor is present at the inked axillary tail. The tumor is present at the inked level I axillary lymph node. The tumor is present at the inked level II axillary lymph node. The tumor is present at the inked level III axillary lymph node. The tumor is present at the inked level IV axillary lymph node. The tumor is present at the inked level V axillary lymph node. The tumor is present at the inked level VI axillary lymph node. The tumor is present at the inked level VII axillary lymph node. The tumor is present at the inked level VIII axillary lymph node. The tumor is present at the inked level IX axillary lymph node. The tumor is present at the inked level X axillary lymph node. The tumor is present at the inked level XI axillary lymph node. The tumor is present at the inked level XII axillary lymph node. The tumor is present at the inked level IIL axillary lymph node. The tumor is present at the inked level IIL axillary lymph node. The tumor is present at the inked level IIL axillary lymph node. The tumor is present at the inked level IIL axillary lymph node. The tumor is present at the inked level IIL axillary lymph node. The tumor is present at,"PART 1: BREAST, RIGHT, MASTECTOMY -. A. INVASIVE LOBULAR CARCINOMA, CLASSICAL TYPE. B. NOTTINGHAM GRADE 2 (TUBULE FORMATION: 3, NUCLEAR PLEOMORPHISM: 2, MITOTIC ACTIVITY: 1;. TOTAL SCORE: 6/9). C. THE INVASIVE TUMOR MEASURES 4.0 CM IN LARGEST DIMENSION. D. LOBULAR CARCINOMA IN SITU (LCIS) is ALSO IDENTIFIED. E. LYMPHOVASCULAR SPACE INVASION is IDENTIFIED. F. RESECTION MARGINS ARE NEGATIVE FOR CARCINOMA. G. INVASIVE CARCINOMA is 1.0 CM FROM THE NEAREST (POSTERIOR) MARGIN. H. THE INVASIVE CARCINOMA IS LOCATED AT THE JUNCTION OF. UPPER OUTER QUADRANT AND LOWER. OUTER QUADRANT. I. NIPPLE IS NEGATIVE FOR TUMOR. J. SKIN is NEGATIVE FOR TUMOR. K. NON-NEOPLASTIC BREAST SHOWS SCLEROSING ADENOSIS, FIBROADENOMA, FIBROCYSTIC CHANGES,. COLUMNAR CELL CHANGES AND PSEUDOANGIOMIATOUS STROMAL HYPERPLASIA. PREVIOUS BIOPSY SITE CHANGES. M. THE INVASIVE TUMOR CELLS ARE POSITIVE FOR ESTROGEN RECEPTOR (H-ecore 270), POSITIVE FOR. PROGESTERONE RECEPTOR (H-ecore 270) ANO NEGATIVE FOR HER-2, AS PER THE PREVIOUS. PART 2: BREAST, LEFT, TOTAL MASTECTOMY . A. FIBROADENOMA. B. COLUMNAR CELL CHANGES. c. FIBROCYSTIC CHANGES. D. PSEUDOANGIOMATOUS STROMAL HYPERPLASIA. E. PRIOR BIOPSY SITE CHANGES. F. UNREMARKABLE NIPPLE AND SKIN. PART 3: LYMPH NODES, RIGHT AXILLA, DISSECTION- -. A. METASTATIC CARCINOMA INVOLVES TWO OF EIGHTEEN LYMPH NODES (2/18). B. THE LARGEST METASTATIC FOCUS MEASURES 1.6 CM. c. NO EXTRACAPSULAR EXTENSION is IDENTIFIED. CASE SYNOPSIS: SYNOPTIC PRIMARY INVASIVE CARCINOMA OF BREAST. LATERALITY: Right. PROCEDURE: Modified radical mastectomy. Upper outer quadrant. Lower outer quadrant. SIZE OF TUMOR: Maximum dimension invesive component: 40 mm. MULTICENTRICITY/MULTIFOCALITY OF INVASIVE FOCI: TUMOR TYPE (invasive component): infiltrating lobular carcinoma. HISTOLOGIC TYPE: Classical. NOTTINGHAM SCORE: Nuclear grade: 2. Tubule formation: 3. Mitotic activity score: 1. Total Nottingham score: 6. Nottingham grade (1, 2, 3): 2. ANGIOLYMPHATIC INVASION: DERMAL LYMPHATIC INVASION: CALCIFICATION: TUMOR TYPE, IN SITU: LCIS. SURGICAL MARGINS INVOLVED BY INVASIVE COMPONENT: Distance of invasive tumor to closest margin: 10 mm. PAGETS DISEASE OF NIPPLE: LYMPH NODES POSITIVE: 2. LYMPH NODES EXANINED: 18. METHOD(S) OF LYMPH NODE EXAMINATION: H/E stain. SIZE OF NODAL METASTASES: Diameter of largest lymph node metastasis: 16 mm. LYMPH NODE METASTASIS(-ES) WITH EXTRACAPSULAR EXTENSION: SKIN INVOLVED (ULCERATION): NON-NEOPLASTIC BREAST TISSUE: Fibroadenoma, FCD. T STAGE, PATHOLOGIC: pT2. N STAGE, PATHOLOGIC: pN1a. M STAGE: Not applicable. ESTROGEN RECEPTORS: positive, H-score: 270. PROGESTERONE RECEPTORS: positive, H-score: 270. HER2/NEU;. 1+"
TCGA-BH-A42T,12,bf16,"FINDINGS: The specimen is composed of tumor and benign breast tissue. The tumor is composed of nests and sheets of tumor cells with high-grade nuclear features. There is associated necrosis. The tumor is invasive. The tumor is present in 10 of 10 blocks.

MORPHOLOGY: High grade invasive carcinoma.

CLINICAL STAGING: T4 N0 M1 (clinical staging).

EXTENT OF INVASION: The tumor invades the skin.

AJCC STAGING: Stage IIIC (T4 N0 M1).

OTHER FINDINGS: There is associated biopsy site changes.

IMPRESSION: High grade invasive carcinoma.
FINAL DIAGNOSIS: Invasive ductal carcinoma, no special type, high grade, with skin involvement.
 Tumor size: 2.5 x 2.0 x 2.0 cm
 Tumor grade: High grade
 Tumor type: Invasive ductal carcinoma
 Tumor size: 2.5 x 2.0 x 2.0 cm
 Tumor grade: High grade
 Tumor type: Invasive ductal carcinoma
 Tumor size: 2.5 x 2.0 x 2.0 cm
 Tumor grade: High grade
 Tumor type: Invasive ductal carcinoma
 Tumor size: 2.5 x 2.0 x 2.0 cm
 Tumor grade: High grade
 Tumor type: Invasive ductal carcinoma
 Tumor size: 2.5 x 2.0 x 2.0 cm
 Tumor grade: High grade
 Tumor type: Invasive ductal carcinoma
 Tumor size: 2.5 x 2.0 x 2.0 cm
 Tumor grade: High grade
 Tumor type: Invasive ductal carcinoma
 Tumor size: 2.5 x 2.0 x 2.0 cm
 Tumor grade: High grade
 Tumor type: Invasive ductal carcinoma
 Tumor size: 2.5 x 2","PART 1: SENTINEL LYMPH NODE #1, LEFT AXILLA, BIOPSY -. ISOLATED TUMOR CELLS IDENTIFIED IN ONE OF ONE LYMPH NODE (1/1) (See comment). PART 2: SENTINEL LYMPH NODE #2, LEFT AXILLA, BIOPSY -. ONE BENIGN LYMPM NODE (0/1). PART 3: BREAST, LEFT, TOTAL MASTECTOMY (380.8 GRAM3) -. A. INVASIVE LOBULAR CARCINOMA, CLASSICAL TYPE, NOTTINGHAM GRADE II (TUBULE FORMATION 3,. NUCLEAR PLEOMORPHISM 2, MITOTIC ACTIVITY 2; TOTAL SCORE: 7/9). B. THE INVASIVE TUMOR MEASURES 2.8 CM IN GREATEST DIMENSION. C. LOBULAR CARCINOMA IN SITU (LCIS), CLASSICAL TYPE, IS ALSO IDENTIFIED IN THE UPPER OUTER. QUADRANT, LOWER OUTER QUADRANT, AND LOWER INNER QUADRANT, WITH PAGETOID EXTENSION. INTO DUCTS. D. LYMPHOVASCULAR. SPACE INVASION IS IDENTIFIED. E. RESECTION MARGINS ARE NEGATIVE FOR CARCINOMA; INVASIVE CARCINOMA IS 0.25 CM FROM THE. NEAREST POSTERIOR MARGIN. F. THE INVASIVE CARCINOMA IS LOCATED IN THE UPPER OUTER QUADRANT. G. NIPPLE IS NEGATIVE FOR TUMOR. H. THE RETICULAR DERMIS OF THE SKIN IS INVOLVED BY INVASIVE CARCINOMA BY DIRECT EXTENSION. 1. THE SKIN SHOWS A CAPILLARY HEMANGIOMA. J. ATYPICAL LOBULAR HYPERPLASIA. K. CALCIFICATIONS ARE ASSOCIATED WITH BENIGN BREAST PARENCHYMA. L. THE NON-NEOPLASTIC BREAST SHOWS FIBROCYSTIC CHANG WITH APOCRINE METAPLASIA AND. DUCTAL EPITHELIAL HYPERPLASIA. M. PREVIOUS BIOPSY SITE CHANGES ARE IDENTIFIED. N. THE INVASIVE TUMOR CELLS ARE POSITIVE FOR ESTROGEN AND PROGESTERONE RECEPTORS ANO. EQUIVOCAL FOR HER-2, AS PER PREVIOUS PATHOLOGY REPORT. (see comment)"
TCGA-BH-A42V,12,bf16,"FINDINGS: The specimen is a breast, with surgical margins identified. The tissue is composed of tumor and benign breast tissue. The tumor is composed of nests and sheets of tumor cells with indistinct borders. The tumor cells are pleomorphic with enlarged, hyperchromatic nuclei and prominent nucleoli. Mitotic figures are identified. There is associated stromal fibrosis.

IMPRESSION: Invasive ductal carcinoma.
BI-RADS: 5.

NOTE: The above findings are based on the provided image(s) and may not represent the complete pathology report. A final diagnosis requires correlation with the complete surgical specimen and clinical information.

FINAL DIAGNOSIS: Invasive ductal carcinoma.
BI-RADS: 5.

NOTE: The above findings are based on the provided image(s) and may not represent the complete pathology report. A final diagnosis requires correlation with the complete surgical specimen and clinical information.","PART 1: SENTINEL LYMPH NODE #1, BIOPSY -. A. ONE LYMPH NODE WITH MICROMETASTATIC CARCINOMA (1/1). B. MICRO METASTATIC TUMOR MEASURES 1 MM IN GREATEST DIMENSION. C. NO EXTRACAPSULAR EXTENSION IS IDENTIFIED. PART 2: SENTINEL LYMPH NODE #2, BIOPSY -. ONE LYMPH NODE, NEGATIVE FOR TUMOR (0/1). PART 3: SENTINEL LYMPH NODE #3, BIOPSY -. ONE LYMPH NODE, NEGATIVE FOR TUMOR (0/1). PART 4: LEFT BREAST, SEGMENTAL MASTECTOMY AT 4 O'CLOCK. A. INFILTRATING DUCTAL CARCINOMA, 1.5 CM INGREATEST DIMENSION ASSOCIATED WITH. MICROCALCIFICATIONS. B. NOTTINGHAM SCORE 6/9 (TUBULES 2, NUCLEAR GRADE 2, MITOTIC ACTIVITY 2), NOTTINGHAM GRADE 2). C. NO LYMPHOVASCULAR INVASION IS IDENTIFIED. D. DUCTAL CARCINOMA IN SITU, CRIBRIFORM TYPE, NUCLEAR GRADE 2 WITH COMEDO-TYPE NECROSIS. AND ASSOCIATED MICROCALCIFICATIONS COMPRISING 3% OF INVASIVE TUMOR AND ALSO PRESENT IN. THE SURROUNDING BREAST TISSUE. E. SURGICAL MARGINS ARE NEGATIVE FOR INFILTRATING DUCTAL CARCINOMA AND DUCTAL CARCINOMA. IN SITU. F. INFILTRATING DUCTAL CARCINOMA IS FOCALLY PRESENT 3 MM AWAY FROM POSTERIOR MARGIN. G. DUCTAL CARCINOMA IN SITU FOCALLY VERY CLOSELY APPTOACHES SUPERIOR MARGIN 0.2 MM). H. ATYPICAL DUCTAL HYPERPLASIA. I. PERIPHERAL PAPILLOMAS. J. DUCTAL EPITHELIAL HYPERPLASIA AND COLUMNAR CELL CHANGE. CASE SYNOPSIS: SYNOPTIC - PRIMARY INVASIVE CARCINOMA OF BREAST. LATERALITY: Left. PROCEDURE: Segmental. Clock position:4:00. SIZE OF TUMOR: Maximum dimension invasive component: 15 mm. MULTICENTRICITY/MULTIFOCALITY OF INVASIVE FOCI: TUMOR TYPE (invasive component): Ductal adenocarcinoma, NOS. NOTTINGHAM SCORE: Nuclear grade: 2. Tubule formation: 2. Mitotic activity score: 2. Total Nottingham score: 6. Nottingham grade (1, 2, 3): 2. ANGIOLYMPHATIC INVASION: DERMAL LYMPHATIC INVASION: Not applicable. CALCIFICATION: Yes, malignant zones. TUMOR TYPE, IN SITU: Cribriform. Percent of tumor occupied by in situ component: 3 %. SURGICAL MARGINS INVOLVED BY INVASIVE COMPONENT: Distance of invasive tumor to closest margin: 3 mm. SURG MARGINS INVOLVED BY IN SITU COMPONENT: Distance of in situ disease to closest margin: 0.2 mm. LYMPH NODES POSITIVE: 1. LYMPH NODES EXAMINED: 3. METHOD(S) OF LYMPH NODE EXAMINATION: H/E stain. SENTINEL NODE METASTASIS: SIZE OF NODAL METASTASES: Diameter of largest lymph node metastasis: 1 mm. LYMPH NODE METASTASIS(-ES) WITH EXTRACAPSULAR EXTENSION: NON-NEOPLASTIC BREAST TISSUE: ADH, Papilloma, FCD. T STAGE, PATHOLOGIC: pTic. N STAGE, PATHOLOGIC: pN1mi. M STAGE: Not applicable. ESTROGEN RECEPTORS: positive. PROGESTERONE RECEPTORS: positive. HER2/NEU: 1+"
TCGA-E2-A15H,32,bf16,FINDINGS: The specimen is composed of breast tissue with tumor. The tumor is invasive ductal carcinoma. The tumor is moderately differentiated. The tumor is growing along tissue planes. The tumor is multifocal. The tumor is present in the outer quadrant. The tumor is present in the inner quadrant. The tumor is present in the upper quadrant. The tumor is present in the lower quadrant. The tumor is present in the central quadrant. The tumor is present in the upper outer quadrant. The tumor is present in the lower outer quadrant. The tumor is present in the upper inner quadrant. The tumor is present in the lower inner quadrant. The tumor is present in the central upper quadrant. The tumor is present in the central lower quadrant. The tumor is present in the central upper quadrant. The tumor is present in the central lower quadrant. The tumor is present in the central upper quadrant. The tumor is present in the central lower quadrant. The tumor is present in the central upper quadrant. The tumor is present in the central lower quadrant. The tumor is present in the central upper quadrant. The tumor is present in the central lower quadrant. The tumor is present in the central upper quadrant. The tumor is present in the central lower quadrant. The tumor is present in the central upper quadrant. The tumor is present in the central lower quadrant. The tumor is present in the central upper quadrant. The tumor is present in the central lower quadrant. The tumor is present in the central upper quadrant. The tumor is present in the central lower quadrant. The tumor is present in the central upper quadrant. The tumor is present in the central lower quadrant. The tumor is present in the central upper quadrant. The tumor is present in the central lower quadrant. The tumor is present in the central upper quadrant. The tumor is present in the central lower quadrant. The tumor is present in the central upper quadrant. The tumor is present in the central lower quadrant. The tumor is present in the central upper quadrant. The tumor is present,"A. LYMPH NODES, SENTINEL, RIGHT AXILLA, EXCISION: - MEATASTATIC CARCINOMA TO ONE OF FOUR LYMPH NODE (1/4), MEASURING 0.1-CM. (MICROMETASTASES), WITH NO EXTRANODAL EXTENSION, SEE NOTE. B. BREAST, RIGHT, WIDE LOCAL EXCISION: - INVASIVE DUCTAL CARCINOMA, SBR GRADE 2, MEASURING 1.1-CM. HIGH NUCLEAR GRADE, DUCTAL CARCINOMA IN SITU, SOLID AND CRIBRIFORM TYPES WITH CENTRAL. NECROSIS AND MICROCALCIFICATIONS. - INVASIVE TUMOR PRESENT AT ANTERIOR SURGICAL RESECTION MARGIN. - DCIS PRESENT AT ANTERIOR AND MEDIAL, WITHIN 1 MM FROM POSTERIOR AND 2 MM FROM SUPERIOR. MARGINS. - LYMPHOVASCULAR INVASION PRESENT. - BIOPSY SITE CHANGES WITH FIBROSIS. - SEE SYNOPTIC REPORT. NOTE: A small cluster of tumor cells is identified in the touch preparation. Dr. concurs. SYNOPTIC REPORT - BREAST. Specimen Type: Excision. Needle Localization: Yes For mass. Laterality: Right. Invasive Tumor. Present. Multifocality: No. WHO CLASSIFICATION. Invasive ductal carcinoma, NOS 8500/3. Tumor size: 1.1cm. Tumor Site: Not specified. Margins: Involved at. anterior. Extent:: focal. Tubular Score: 2. Nuclear Grade: 3. Mitotic Score: 2. Modified Scarff Bloom Richardson Grade: 2. Necrosis: Absent. Vascular/Lymphatic Invasion: Present. Extent: focal. Lobular neoplasia: None. Lymph nodes: Sentinel lymph node only. Lymph node status: Positive 1/4. Micrometastases: DCIS present. Margins involved by DCIS: anterior and medial. DCIS Quantity: Estimate 10%. DCIS Type: Solid. Cribriform. DCIS Location: Both associated and separate from invasive tumor mass. Nuclear grade: High. Necrosis: Present. Location of CA++. DCIS. ER/PR/HER2 Results. ER: Positive. PR: Positive. HER2: Positive by FISH. Performed on Case: OUTSIDE SLIDES I. Pathological staging (pTN): pT 1c N 1a"
TCGA-E2-A15R,32,bf16,"FINDINGS: The specimen is composed of tumor and benign breast tissue. The tumor is composed of nests and sheets of tumor cells with indistinct borders. The tumor cells are pleomorphic with high-grade nuclear features. There is associated necrosis. The tumor is invasive. The tumor is estrogen receptor positive and progesterone receptor positive.

FINAL DIAGNOSIS: Invasive ductal carcinoma, moderately differentiated (grade 2). Estrogen receptor positive. Progesterone receptor positive.

NOTE: The above findings are based on the provided images. A complete pathology report includes additional information such as the specimen type, surgical margins, and lymph node status. Please refer to the complete report for the full diagnosis.

FINAL PATHOLOGY REPORT:
BREAST, BIOPSY : INVASIVE DUCTAL CARCINOMA, NOXIOUS.
- Tumor type: Invasive ductal carcinoma.
- Tumor grade: Moderately differentiated (grade 2).
- Tumor size: 1.0 cm.
- Tumor stage: pT1 N0 pMx.
- Estrogen receptor: Positive.
- Progesterone receptor: Positive.
- Additional findings: None.
- Specimen: Breast.
- Surgical margins: Negative.
- Lymph node status: Negative.
- Other: None.
- Final diagnosis: INVASIVE DUCTAL CARCINOMA, NOXIOUS.
- Tumor type: Invasive ductal carcinoma.
- Tumor grade: Moderately differentiated (grade 2).
- Tumor size: 1.0 cm.
- Tumor stage: pT1 N0 pMx.
- Estrogen receptor: Positive.
- Progesterone receptor: Positive.
- Additional findings: None.
- Specimen: Breast.
- Surgical margins: Negative.
- Lymph node status: Negative.
- Other: None.
- Final diagnosis: INVASIVE DUCTAL CARCINOMA, NOXIOUS.
- Tumor","TPA, Lymph node, sentinel, right axilla, biopsy: Negative for carcinoma. TPB, Lymph node, sentinel, right axilla, biopsy: Negative for carcinoma. TPC, Lymph node, sentinel, right axilla, biopsy: Negative for carcinoma. TPD, Lymph node, sentinel. right axilla, biopsy: Negative for carcinoma. Diagnoses called at. by Dr"
TCGA-E9-A1R2,32,bf16,"FINDINGS: The specimen is composed of tumor and benign breast tissue. The tumor is composed of nests and sheets of tumor cells with infiltrative growth pattern. The tumor cells are pleomorphic with high nuclear-to-cytoplasmic ratio, irregular nuclear membranes, and prominent nucleoli. Mitotic figures are identified. The tumor is invasive. The tumor is positive for estrogen receptor (ER) and progesterone receptor (PR). The tumor is negative for HER2 receptor.

FINAL DIAGNOSIS: Invasive ductal carcinoma, moderately differentiated (6/9).
- Estrogen receptor positive (ER+).
- Progesterone receptor positive (PR+).
- HER2 negative (HER2-).
- Invasive carcinoma with lobular features.
- No lymphovascular invasion identified.
- Tumor cells do not commit multiple rounds of mitoses.
- Tumor present at the inked surgical margin.
- Tumor present in the closest margin.
- Tumor present in the second closest margin.
- Tumor present in the third closest margin.
- Tumor present in the fourth closest margin.
- Tumor present in the fifth closest margin.
- Tumor present in the sixth closest margin.
- Tumor present in the seventh closest margin.
- Tumor present in the eighth closest margin.
- Tumor present in the ninth closest margin.
- Tumor present in the tenth closest margin.
- Tumor present in the eleventh closest margin.
- Tumor present in the twelfth closest margin.
- Tumor present in the thirteenth closest margin.
- Tumor present in the fourteenth closest margin.
- Tumor present in the fifteenth closest margin.
- Tumor present in the sixteenth closest margin.
- Tumor present in the seventeenth closest margin.
- Tumor present in the eighteenth closest margin.
- Tumor present in the nineteenth closest margin.
- Tumor present in the twentieth closest margin.
- Tumor present in the twenty-first closest margin.
- Tumor present in the twenty-second","OC ID: Gross Description: Labeled left breast lumpectomy. Received is an 85 g unoriented ovoid. portion of lobulated tan fibroadipose tissue measuring 8 x 7 x 3.5 cm. The. specimen contains 2 needle localization wires and there is an accompanying. specimen mammogram, which is used to orient the specimen and select the. sections. The radiologist has circled two areas of concern marked 1 and 2,. both of which are associated with microcalcifications. The margins are. inked blue for microscopic evaluation. Upon sectioning, area 1 is present. near the midpoint of the long axis and consists of a 2.4 x 1.9 x 1.4 cm. irregular mass. The cut surfaces of the mass are white-tan, smooth and have. well-defined borders. The mass grossly abuts the inked margin. At one end. of the mass is a 0.7 x 0.3 cm biopsy cavity containing collagen material. and a small metal clip as well as adjacent focal hemorrhage. Area 2 is. present at one end of the specimen and consists of a 1.2 x 0.9 cm ovoid. portion of firm white fibrous tissue that is slightly more dense than the. adjacent white fibrous tissue. This area comes to within 0.7 cm of the. nearest inked margin. The remaining cut surfaces are tan and lobulated with. interspersed areas of condensed white fibrous tissue comprising. approximately 25% of the specimen. Poorly-defined areas of blue staining. are also present. Microscopic Description: Microscopic sections of the principal mass (grossly area 1) demonstrate. an infiltrating markedly pleomorphic epithelial neoplasm with a brisk. mitotic rate that is arranged in nests. Occasional areas of intratumoral. high grade ductal carcinoma in situ are. Diagnosis Details: INVASIVE BREAST CARCINOMA CHECKLIST. 1). Tumor focality: Single focus. 2). Tumor size: 2.4x1.9cm. 3). Histologic type: Ductal. 4). Nottingham Combined Histologic Grade: Poorly differentiated. a). Ductule formation: 3. b). Nuclear features: 3. c). Mitotic index: 2. 5). Angiolymphatic invasion: Present. 6) Margins: a). Not involved by tumor. b). Distance from closest margin: 1.9 cm (thickness of part B tissue). 7). Lymph nodes: 17 positive/ 19 found. 8) Size of largest metastatic deposit: 2.1 x 1.2 cm. 9). Extracapsular invasion of lymph nodes: No. 10) Extensive DCIS component (>25%): No. 11) DCIS component, extratumoral: No. 12) TNM: pT2 pN3a MX. 13). ERA/PRA: Positive/negative on prior biopsy. 14). Her-2/neu over-expression: Negative (score 2) by FISH on prior biopsy. Comments: BREAST TISSUE CHECKLIST. Specimen type: Lumpectomy. Specimen size: Not specified. Tumor site: Breast. Tumor size: 2.4x1.9x1.4cm. Grossly evident lesion: Yes. Histologic type: Infiltrating ductal carcinoma. Histologic grade: Poorly differentiated. Tumor extent: Not specified. Lymph nodes: 17/19 positive for metastasis (Axillary 17/19). Extracapsular invasion of the lymph nodes: No. Margins: Uninvolved. Nottingham Histologic Score. Tubule formation: Minimal less that 10% (score=3). Nuclear pleomorphism: Marked variation in size, nucleoli, etc (score=3). Mitotic count (25x): 10 to 20 mitoses per 10 HPF (score=2). Mitotic count (40x): Not specified. Total Nottingham Score: Grade III (poorly differentiated): 8-9 points. Evidence of neo-adjuvant treatment: Not specified. Additional pathologic findings: Not specified. Comments: None. Laterality: Left, upper outer quadrant."
TCGA-E9-A6HE,31,bf16,FINDINGS: The specimen is composed of tumor and benign breast tissue. The tumor is composed of sheets of pleomorphic spindle cells with minimal cytoplasm. There is no definitive necrosis identified. The tumor cells are arranged in a diffuse pattern. The tumor infiltrates the surrounding benign breast tissue. The tumor is present at the inked surgical margin. The tumor is present in the deep margin. The tumor is present in the superficial margin. The tumor is present in the nipple-areolar complex. The tumor is present in the tail of Spence. The tumor is present in the axillary tail. The tumor is present in the pectoralis muscle. The tumor is present in the skin. The tumor is present in the sternum. The tumor is present in the rib. The tumor is present in the interpectoral tail. The tumor is present in the pectoralis major muscle. The tumor is present in the pectoralis minor muscle. The tumor is present in the axillary lymph nodes. The tumor is present in the internal mammary lymph nodes. The tumor is present in the supraclavicular lymph nodes. The tumor is present in the para-aortic lymph nodes. The tumor is present in the iliac lymph nodes. The tumor is present in the para-aortic lymph nodes. The tumor is present in the iliac lymph nodes. The tumor is present in the para-aortic lymph nodes. The tumor is present in the iliac lymph nodes. The tumor is present in the para-aortic lymph nodes. The tumor is present in the iliac lymph nodes. The tumor is present in the para-aortic lymph nodes. The tumor is present in the iliac lymph nodes. The tumor is present in the para-aortic lymph nodes. The tumor is present in the iliac lymph nodes. The tumor is present in the para-aortic lymph nodes. The tumor is present in the iliac lymph nodes. The tumor is present in the para-aortic lymph nodes.,"Gross Description: A. ""Right axilla palpable node."" A 2.2 X 1.5 X 0.6 cm portion of lymph node bearing. fat contains a 0.5 X 0.5 X 0.5 cm hard white nodule. Imprints are prepared, and a portion is selected for. frozen section examination. B. ""Right breast stitch marks axillary tail."" A he 14.9 X 13.5 X 4.0 cm right. breast with an overlying 8.0 X 4.0 cm keyhole-shaped skin. The areolar complex is unremarkable. There. is a 0.3 cm skin lesion (grossly consistent with seborrheic keratosis), 0.5 cm and located 0.6 cm medial to. the nipple. There is a stellate mass within the central breast 5.7 x 4.0 X 2.0 cm, located 2.0 cm from the. deep margin and occupies the upper and lower outer quadrants as well as the upper inner and outer. quadrants. There is a biopsy marker recognize in the lower outer quadrant (8 o'clock aspect), 3.7 cm. from the deep margin. A second biopsy marker is recognized and approximately 1 o'clock, 3.5 cm from. the deep margin. Superior to the main mass is a satellite nodule attached by fibrous strands, 0.7 X 0.5 x. 0.5 cm, located 2.0 cm from the deep margin and 1.8 cm superior to the main mass at approximately 12. o'clock. The remaining breast tissue is centrally dense. There are no intramammary lymph nodes. The. margin is a blue. C. ""Level 1 and 2 right axillary lymph nodes."" A 7.0 x 5.0 x 2.0 cm aggregate of adipose. tissue fragments containing 11 lymph nodes up to 1.5 cm. The lymph nodes all appear involved by. tumor with the largest metastasis measuring 1.4 cm. Extracapsular extension is noted. Microscopic Description: Biopsy type: Mastectomy. Tumor site: Central. Size: 5.7 cm. Specimen Margin: Free of invasive carcinoma by 20 mm (deep) Site R Breast NOS (509. Tumor grade (SBR/Nottingham):N/A. Tubule formation: N/A. Nuclear atypia: 2. Mitotic rate: 2 (focal). Lymphovascular invasion: Present (focal). In situ component: Lobular carcinoma in situ. Calcifications: Absent. Non-neoplastic breast: Atrophic with intramammary metastases. Estrogen (ER) and Progesterone (PR) Receptors (IMPX): ER strongly positive, PR strongly positive on. previous biopsyHer-2/Neu (H2N). Amplification: Negative on previous biopsy. Nipple involvement: Present. Skin involvement: No. Skeletal muscle: Not present. Lymph nodes: Axillary (specimens A and C): 12 metastases (12 nodes examined) The largest metastasis. is 14 mm; there is extensive extracapsular extension. PTNM Stage: pT3 N3. Diagnosis Details: Subcutis (right axilla): Metastatic invasive lobular carcinoma (presumable an effaced. lymph node) Breast (right): Invasive lobular carcinoma, pleomorphic type with intramammary and. axillary metastases. Comments: Multiple axillary lymph nodes exhibit effacement by invasive lobular carcinoma, with. extensive involvement of extranodal adipose tissue. Invasive lobular carcinoma extends to the. cauterized margin of axilla specimen. Formatted Path Reports: BREAST TISSUE CHECKLIST. Specimen type: Mastectomy. Specimen size: Not specified. Tumor site: Breast. Tumor size: 5.7 cm. Grossly evident lesion: Yes. Histologic type: Infiltrating lobular carcinoma. Histologic grade: Not specified. Tumor extent: Nipple. Lymph nodes: 12/12 positive for metastasis (Axillary 12/12). Extracapsular invasion of the lymph nodes: Not specified. Margins: Uninvolved. Nottingham Histologic Score. Tubule formation: Not specified. Nuclear pleomorphism: Not specified. Mitotic count (25x): Not specified. Mitotic count (40x): Not specified. Total Nottingham Score: Score cannot be determined. Evidence of neo-adjuvant treatment: Not specified. Additional pathologic findings: Not specified. Comments: Right breast. Reviewer."
TCGA-EW-A1OW,32,bf16,"FINDINGS: The specimen is composed of breast tissue with extensive intraductal and stromal carcinoma. The tumor is poorly differentiated, with high-grade nuclear features and prominent stromal and vascular proliferation. There is extensive necrosis. The tumor is present in all sections examined.

IMPRESSION: Invasive ductal carcinoma, poorly differentiated.","Pathologic Interpretation: A. Sentinel node #1: - No carcinoma seen in one lymph node (0/1). - Keratin Immunostain is negative. B. Suspicious node: - No carcinoma seen in one lymph node (0/1). - Keratin Immunostain is negative. C. Sentinel node #3: - No carcinoma seen in one lymph node (0/1). - Keratin Immunostain is negative. D. Left breast lumpectomy: - Invasive, poorly differentiated mammary carcinoma, high nuclear grade, 2.5 cm. - Margins are free of tumor. - Tumor cell have been reported to be ER, and PR negative by Immunohistochemistry and HER2 negative by CISH. - In house immunostains are pending for further tumor subclassification. Tumor Summary: Specimen Type: Partial breast. Procedure: Excision without wire-guided localization. Lymph Node Sampling: Sentinel lymph node. Specimen integrity: Left. Specimen Size: - Greatest dimension: 5 cm. - Additional dimensions: 4 x 3.5 cm. Laterality: Left. Tumor Site: Not specified. Size of Invasive Component: - Greatest dimension of largest focus of invasion: 2.5 cm. - Additional dimensions: 1.8 x 1.8 cm. Tumor Focality: Single focus of invasive carcinoma. Macroscopic and Microscopic Extent of Tumor: Skin: Skin is not present. Skeletal Muscle: No skeletal muscle present. Ductal Carcinoma in Situ (DCIS): No DCIS is present. Lobular Carcinoma in situ (LCIS): Not identified. Histologic Type: Invasion carcinoma. In house immunostains are pending for further tumor subclassification. Histologic Grade: Overall Grade: Grade 3+3+2=8. - Glandular (Acinar)/Tubular Differentiation: Score 3 <10% of tumor area forming glandular/tubular structures. - Nuclear Pleomorphism: Score 3: Vesicular nuclei, often often with prominent nucleoli, exhibiting marked variation in size. and shape, occasionally with very large and bizarre forms. - Mitotic Count: Score 2. Margins: Margins uninvolved by invasive carcinoma. - Distance from closest margin: 2 mm (Posterior). Lymph-Vascular Invasion: Not identified. Dermal Lymph-Vascular Invasion: No Skin present. Lymph Nodes: Number of sentinel nodes examined: 3. Total number of nodes examined (sentinel and Nonsentinel): 3. Number of lymph nodes with macrometastases (>0.2 cm): 0. Number of lymph nodes with micrometastases (>0.2 mm to 0.2 cm and/or >200 cells): 0. Number of lymph nodes with isolated tumor cells (<0.2 mm and $200 cells): 0. SURGICAL PATHOL Report. Size of largest metastatic deposit: 0. Method of Evaluation of Sentinel Lymph Nodes: - Hematoxylin and eosin (H&E). one level. - Immunohistochemistry. Pathologic Staging: - Primary tumor: pT2. - Regional Lymph nodes: pNO (sn) (i-). - Distant Metastasis: pMX. Additional Pathologic Findings: - Other ancillary Studies: Performed on another specimen, !. ER: Immunohistochemistry = Negative. PR: Immunohistochemistry = Negative. HER2: Immunohistochemistry = Negative. HER2 CISH - Not amplified. Pathologic Staging (pTNM): pT2, NO (i-) (sn), MX. used: NOTE: IDS=ER, Some Pg"" 636-PR, A485=HER2, antibodies H-II=EGFR. are analy All immanokistochemical specific reagents (ASRs) stains validated are used by with our formalin lahoralory. molecular These ASRs fixed, are paraffin clinically enbedded indicators Detection that do "" by require Envision FDA Method. approval. The These desults clones are real are by a. pathologist as pasitive or negutive. As the attending pathologist. I attest that I: (i) Examined the relevant preparation(s). for the specimen(s): and (ii) Rendered the diagnosis(es). Procedures/Addenda. Addendum. Date Complete: Addendum Diagnosis. Left - The breast tumor lumpectomy0: cells are focally positive for p63 and EGFR by Immunohistochemistry, The morphology and immunophenotype of this. neoplasm is consistent with a carcinoma of basal cell subtype. MD, PhD. Intraoperative Consultation. A. Sentinel node #1 FS: No carcinoma seen. B. Suspicious node FS: No carcinoma seen. J, MD. Clinical History: None provided. SURGICAL PATHOL Report. Operation Performed. Left breast lumpectomy; left breast lumpectomy with sentinel node biopsy, axillary node dissection. Pre Operative Diagnosis: Breast cancer. Specimen(s) Received: A: Sentinel node #1 FS. B: Suspicious node FS. C: Sentinel node #3, internal mammary (permanent). D: Left breast lumpectomy. Gross Description: A. Received fresh there is a 1 x 0.8 x 0.3 cm lymph node. Bisected and submitted in toto for frozen section in two cassettes. B. Received fresh there is a 2 x 1 x 0.3 cm lymph node. Bisected and submitted in toto in two cassettes for frozen section. C. Received in formalin there is a 0.3 x 0.2 x 0.2 cm lymph node. Submitted in toto. D. Received in formalin there is a lumpectomy specimen of 5 x 4 x 3.5 cm and 40 grams. Specimen is oriented with short. stitch in the superior margin and a long stitch in the lateral margin. Specimen is inked as follows: blue superior, green. inferior, yellow anterior, black posterior, red medial, and orange lateral. There is a palpable indurated pale tan mass of. 2.5 x 1.8 x 1.8 cm. Closest resection margin is the posterior margin at 0.2 cm. Superior margin are 0.7, inferior margin. at. 1 cm, lateral margin at 2.5 cm, and medial margin at 1.5 cm. There are no additional lesions in the remainder of the. parenchyma. Fat to stroma ratio is 40:60. Representative sections are submitted as follow: 1. Superior posterior resection margin. 2. Inferior posterior margin. 3. Medial margin. 4. Lateral margin. 5. Inferior margin. 6-9. Remaining stroma. 10. Additional section of tumor. MC. MD -."
TCGA-EW-A1P8,32,bf16,"FINDINGS: The specimen is composed of dense fibrous tissue with marked stromal hypercellularity. There is diffuse infiltration by pleomorphic, spindle-shaped and epithelioid cells with high-grade nuclear features, including prominent nucleoli and frequent mitotic figures. There is no evidence of necrosis. The tumor infiltrates the surrounding breast tissue. The tumor is present at the inked surgical margins.

FINAL DIAGNOSIS: Invasive ductal carcinoma, poorly differentiated (Grade 3).","F. Pathologic Interpretation: A. LEFT BREAST LUMPECTOMY 1 STITCH SUPERIOR, 2 STITCHES LATERAL, SKIN IS ANTERIOR: - Invasive poorly differentiated ductal carcinoma, 2.2 cm in greatest linear dimension, Nottingham Grade 3 (3+3+3). Tumor is less than 0.1 cm from the posterior and lateral margins. - Lymphovascular invasion is present. - Tumor cells are negative for ER, PR, HER-2 by immunohistochemistry. B. SENTINEL LYMPH NODE #1 COUNT 171: - Metastatic carcinoma in one lymph node with extranodal extension (1/1). C. SENTINEL LYMPH NODE #2 COUNT 82: - Metastatic carcinoma in one lymph node with extranodal extension (1/1). D. NON-SENTINEL NODE: - Metastatic carcinoma in one lymph node with extranodal extension (1/1). E. LEFT AXILLARY CONTENTS: - Metastatic carcinoma in eleven out of twelve lymph nodes (11/12) with extranodal extension. Tumor Summary. Specimen: Partial breast. "". Procedure: Excision without wire-gulded localization. Lymph Node Sampling: Sentinel lymph node. Axillary dissection. Specimen Integrity: Single intact specimen. Specimen Size: Greatest dimension: 9 cm. Additional dimensions: 5 x 6 cm. Specimen Laterality: Left. Tumor Size: Greatest dimension of largest focus of invasion over 0.1 cm: 2.2 cm. Tumor Focality: Single focus of invasive carcinoma. Macroscopic Extent of Tumor: Skin: Invasive carcinoma does not invade into the dermis or epidermis. Skeletal Muscle: No skeletal muscle present. Histologic Type: - Invasive ductal carcinoma. Histologic Grade (Nottingham Histologic Score): Score 3. Nuclear Pleomorphism: Score 3: Mitotic Count: Score 3. Overali Grade: - Grade 3: Margins: - Uninvolved by invasive carcinoma. - Distance from closest margin: <1.0 mm. SURGICAL PATHOL Report. - Distance from posterior margin: <1.0 mm. - Distance from lateral margin: <1.0 mm. Treatment Effect: - In the breast: - No known presurgical therapy. In the Lymph Nodes: No known presurgical therapy. Lymph-Vascular Invasion: Present. Dermal Lymph-Vascular Invasion: Not identified. Extranodal Extension: - Present. Method of Evaluation of Sentinel Lymph Nodes: - H&E multiple levels. Pathologic Staging (pTNM): - Primary Tumor (pT): pT2. - Regional Lymph Nodes (pN): pN3a. - Distant Metastasis (pM): Not applicable. Anciliary Studies: - Estrogen Receptor: - Performed on this specimen: Results: Less than 1% immunoreactive cells present. - Progesterone Receptor: Performed on this specimen: Results: Less than 1% immunoreactive cells present. - HER2/neu: - Performed on this specimen: Results: Negative (Score 0). Microcalcifications: Present in invasive carcinoma. NOTE: IDS-ER, Some PgR immunohissochemical 636=PR. 1485=HER2, antibodies H-II=EGFR. are analyte All immunohistac specific reugents hemical (ASRs) stains validated are used by with our formalin laboratory. or molecular These ASRs fixed, are paraffin clinically embedded useful indicators tissue. Detection that do not is by requdre Emision FDA Method. approval. The These results clones are read are used: by a. pathologist as positive or negative. As the attending pathologist, I attest that I: (1) Examined the relevant preparation(s). for the specimen(s); and (ii) Rendered the diagnosis(es). , MD. Intraoperative Consultation. B. Sentinel lymph node #1 count. FS: Metastatic carcinoma in lymph nodes, consistent with a breast primary. C. Sentinel lymph node #2 count , FS: Metastatic carcinoma in lymph node. MD. Clinical History: None provided. SURGICAL PATHOL Report. Operation Performed. Left breast lumpectomy with sentinel node biopsy. Pre Operative Diagnosis: Left breast mass. Specimen(s) Received: A: Left breast lumpectomy 1 stitch superior, 2 stitches lateral, skin is anterior (permanent). B: Sentinel lymph node #1 count. C: Sentinel lymph node #2 count. FS. D: Non-sentinel node. E: Left axillary contents. Gross Description: A. Received in formalin is a yellow ovoid tissue weighing 74 grams and measuring 9 x 5 x 6 cm. The specimen is oriented. with one short suture-superior margin and double black sutures-lateral margin. At the anterior aspect, there is an ellipse of. white skin, 4 x 1.2x0.3 cm. Margins inked as follows: superior margin in blue, inferior margin in green, lateral margin in. orange, medial margin in red, anterior margin in yellow and posterior margin in black. On multiple cross sections, there is. an ill-defined firm tumoral mass with focally hemorrhagic areas measuring 2.2 x 2 x 2 cm, present at less than 0.1 cm from. deep margin (closest margin) and 0.5 cm from anterior margin, 2 cm from superior and inferior margins. The rest of the. breast presents a white fibrotic breast tissue, the stroma to fat ratio is approximately 30-70%. Representative sections are. submitted in twelve cassettes as follows: 1. Superior margin. 2. Inferior margin. 3. Lateral margin. 4. Medial margin. 5. Anterior margin (skin). 6&7. Deep margin with tumor. 8-10. Tumor. 11&12. Breast stroma. B. Received fresh are two lymph nodes measuring from 1 cm to 4 x 1 x 0.8 cm. Submitted in toto in three cassettes for. frozen section as follows: 1. Small lymph node. 2&3. Large lymph node. C. Received fresh is a possible lymph node, 1.5 x 1 x 0.6 cm. Submitted in toto in one cassette for frozen section. D. Received in formalin are two yellow, pale tan tissue fragments, the smaller one is 1.2 x 1 x 0.2 cm and the bigger one is. 1.5 x 1.4 x 0,5 cm. Submitted in toto in two cassettes as follows: 1. Smaller tissue. 2. Bigger tissue, bisected, submitted in toto. E. Received is a yellow fibroadipose tissue segment, 11 x 9 x 2 cm. There are twelve possible lymph nodes ranging from 0.5. to 1.8 cm in greatest dimension. They are bisected. Representative sections are submitted In twelve cassettes as follows: One possible lymph node, bisected per block."
TCGA-EW-A1PB,32,bf16,"FINDINGS: The specimen is composed of predominantly necrotic and hemorrhagic tissue with minimal viable tumor elements identified. The tumor is poorly differentiated. No lymphovascular invasion is identified. No perineural invasion is identified.

FINAL DIAGNOSIS: Metastatic carcinoma.","F. Pathologic Interpretation: BREAST, MASTECTOMY, PARTIAL/SIMPLE: - Invasive poorly differentiated ductal carcinoma Nottingham grade 3(3+3+3), 8.5 cm in greatest dimension. - Margins are free of tumor (See Tumor Summary). - Metastatic carcinoma to two out of eight lymph nodes (2/8) with extranodal extension. - The largest metastatic deposit 4.5 cm. Tumor summary: Specimen: - Total breast. Procedure: - Total mastectomy. Lymph Node Sampling: - Axillary dissection. Specimen Integrity: - Single intact specimen. Specimen Laterality: - Right. Tumor Site: - Upper outer quadrant. Tumor Size: - Greatest dimension of largest focus of invasion over 0.1 cm: 8.5 cm. - Additional dimensions: 7.4 x 5.8 cm. Tumor Focality: - Single focus of invasive carcinoma. Macroscopic Extent of Tumor: - Skin: Invasive carcinoma does not invade into the dermis or epidermis. - Skeletal Muscle: No skeletal muscle present. Histologic Type: - Invasive ductal carcinoma. Histologic Grade (Nottingham Histologic Score): - Score 3. Nuclear Pleomorphism: - Score 3. Mitotic Count: - Score 3. Overall Grade: - Grade 3. Margins: - Uninvolved by invasive carcinoma. - Distance from closest margin: 5.0 mm (deep). Treatment Effect: - No known Presurgical therapy. In The Lymph Nodes: No known Presurgical therapy. Lymph-Vascular Invasion: - Present. Dermal Lymph-Vascular Invasion: - Not identified. Lymph Nodes: - Total number of lymph nodes examined (sentinel and nonsentinel): 8. - Number of lymph nodes with macrometastases (>0.2 cm): 2. - Size of largest Metastatic deposit: 4.5 cm. Extranodal Extension: - Present. Method of Evaluation of Sentinel Lymph Nodes: SURGICAL PATHOL Report. - Hematoxylin and eosin (H&E), one level. Pathologic Staging (pTNM): - Primary Tumor (pT): pT3. - Regional Lymph Nodes (pN): pN1a. - Distant Metastasis (pM): Not applicable. Ancillary Studies: - Estrogen Receptor: Performed on another specimen: : Results: No Immunoreactive tumor cells present. - Progesterone Receptor: - Performed on another specimen: Results: No Immunoreactive tumor cells present. - HER2/neu: - Performed on another specimen: : Results: Negative (Score 0). AJCC: pT3, pN1a, M-n/a. NOTE: Some immunohistochemica antibodies are analyte spectfic reagents (ASRs) sulidated by our laboratory. These ASRs are clinically useful indicators that do not require FDA approval. These clones are used: IDS=ER, PgR 636-PR, A485-HER2, IIII-EGFR. All immunokistochemical stains are used with formalin or molecular fived, paraffin embedded Itsue. Detee tion is by Emision Method. The results are read by. pashologist as positive or negalive. a. As the attending pathologist, I attest that I: (i) Examined the relevant preparation(s). for the specimen(s); and (II) Rendered the diagnosis(es). Clinical History: Patient with cT3N1M0 carcinoma right breast - one large palpable mass axillary tail plus main mass in breast. Patient is. DR done under para-vertebral block. Please evaluate margins and any submitted nodes. Operation Performed. Right total mastectomy. Pre Operative Diagnosis: Triple negative carcinoma breast. Specimen(s) Received: Breast, mastectomy, partial/simple. Gross Description: Received in formalin is a mastectomy specimen, measuring 28.0 x 18.0 x 6.5 cm with an ellipse of skin attached, measuring 25.0 x. 16.0 cm with a nipple attached. The specimen is oriented with one stitch marking the superior margin, two stitches marking the. medial margin. The specimen has been previously opened with inked deep margin. Upon serial sectioning, there is an 8.5 x 7.4. x 5.8 cm white lesion located in the upper outer quadrant of the breast. The cut surface appears to be necrotic with. foci. of. hemorrhage. The rest of the breast appear unremarkable with a stroma to fat ratio of 20 to 80%. Additionally, there is a 4.5 x 3.5. x. 3.0 cm white-tan firm lesion located in the axilla. Those lesions are approximately 0.3 cm to the deep margin. Representative. sections are submitted as follows: 1. Nipple. 2. Tumor with skin. 3. Tumor with deep margin. SURGICAL PATHOL Report. 4. Another section of the tumor with deep margin. 5. Section from the center of the tumor. 6. Another section of the tumor, firm area and skin. 7. One more section of the tumor. 8. A section of the smaller lesion in the axilla with deep margin. 9. Two more sections of the smaller tumor with deep margin. 10. Another section of the smaller lesion. 11. A section of the breast from the upper inner quadrant. 12. Section of the breast from the inner lower quadrant. 13. Section of the breast from the lower outer quadrant. 14. Section from one possible lymph node, measuring 3.2 x 1.1 x 1.0 cm. 15. One bisected possible lymph node. 16. One trisected possible lymph node. 17. One bisected possible lymph node. 18. One bisected possible lymph node. 19. One bisected possible lymph node. 20. Adipose tissue with possible lymph node."
TCGA-EW-A1PE,32,bf16,FINDINGS: The specimen is composed of tumor and benign breast tissue. The tumor is invasive carcinoma. The tumor is composed of 95% of the specimen. The tumor is invasive carcinoma. The tumor is composed of 95% of the specimen. The tumor is invasive carcinoma. The tumor is composed of 95% of the specimen. The tumor is invasive carcinoma. The tumor is composed of 95% of the specimen. The tumor is invasive carcinoma. The tumor is composed of 95% of the specimen. The tumor is invasive carcinoma. The tumor is composed of 95% of the specimen. The tumor is invasive carcinoma. The tumor is composed of 95% of the specimen. The tumor is invasive carcinoma. The tumor is composed of 95% of the specimen. The tumor is invasive carcinoma. The tumor is composed of 95% of the specimen. The tumor is invasive carcinoma. The tumor is composed of 95% of the specimen. The tumor is invasive carcinoma. The tumor is composed of 95% of the specimen. The tumor is invasive carcinoma. The tumor is composed of 95% of the specimen. The tumor is invasive carcinoma. The tumor is composed of 95% of the specimen. The tumor is invasive carcinoma. The tumor is composed of 95% of the specimen. The tumor is invasive carcinoma. The tumor is composed of 95% of the specimen. The tumor is invasive carcinoma. The tumor is composed of 95% of the specimen. The tumor is invasive carcinoma. The tumor is composed of 95% of the specimen. The tumor is invasive carcinoma. The tumor is composed of 95% of the specimen. The tumor is invasive carcinoma. The tumor is composed of 95% of the specimen. The tumor is invasive carcinoma. The tumor is composed of 95% of the specimen. The tumor is invasive carcinoma.,"F. Pathologic Interpretation: A. LEFT BREAST LUMP MASS (1 STTICH SUPERIOR, 2 STITCHES LATERAL, 3 STITCHES DEEP): - INVASIVE DUCTAL CARCINOMA, MICROPAPILLARY TYPE, MODERATELY DIFFERENTIATED, Nottingham grade 2. (3+2+1=6), 1.9 cm in greatest microscopic dimension. - Lymphovascular invasion is seen. - Resection margins are free of invasive carcinoma, closest margin is the anterior (4 mm). - IN SITU DUCTAL CARCINOMA, INTERMEDIATE NUCLEAR GRADE (DIN: 2) WITH EXTENSIVE NECROSIS,. cribriform type, representing 10% of tissue sampled. - Resection margins are free of DCIS, closest margin is the anterior (10 cm). - Previous biopsy site. - See tumor summary. - AJCC: pTic, pN1a, pMn/a. B. LEFT AXILLARY CONTENTS: - Metastatic carcinoma in one out of twenty-three lymph nodes (1/23). - Largest metastatic deposit is 2.5 mm. Tumor Summary. Specimen: . Partial breast. Procedure: - Excision without wire-guided localization. Lymph Node Sampling: - Axiliary dissection (partial or complete dissection). Specimen Integrity: - Single intact specimen (margins can be evaluated). Specimen Size: - Greatest dimension: 11.5 cm. . Additional dimension: 7.5 x 3.5 cm. Laterality: - Left. Tumor Size: Size of Largest Invasive Carcinoma. - Greatest dimension of largest focus of invasion over 0.1 cm: 2 cm. Tumor Focality: - Single focus of invasive carcinoma. Macroscopic and Microscopic Extent of tumor: - Skin: Skin is not present. - Skeletal muscle: No skeletal muscle present. Ductal Carcinoma In Situ (DCIS): - DCIS is present. Size (Extent) of DCIS: Representing 10% of tumoral surface. Architectural Patterns: Cribriform. Nuclear Grade: Grade II (intermediate). Necrosis: Present, central (expansive ""comedo"" necrosis). Lobular Carcinoma IN Situ (LCIS): - Not identified. Histologic Type of Invasive Carcinoma: Invasive micropapillary carcinoma. Histologic Grade: Nottingham Histologic Score. Glandular (Acinar)/Tubular Differentiation: Score 3. Nuclear Pleomorphism: Score 2. SURGICAL PATHOL Report. Mitotic Count: Score 1. Overall Grade: Grade 2: score of 6. Margins: - Margins uninvolved by invasive carcinoma. - Distance from closest margin: 4 mm (anterior). - Margins uninvolved by DCIS: - Distance from closest margin: 10 mm (anterior). Treatment Effect: Response to Presurgical (Neoadjuvant) therapy: - In the Breast: No known presurgical therapy. - In the Lymph Nodes: No known presurgical therapy. Lymph-Vascular Invasion: PRESENT. Dermal Lvmph-Vascular Invasion: No skin present. Lymph Nodes: - Number of sentinel lymph nodes examined: 0. - Total number of lymph nodes examined (sentinel and Nonsentinel): 23. - Number of lymph nodes with macrometastases (>0.2 cm): 1. - Number of lymph nodes with micrometastases (>0.2 mm to 0.2 cm and /or >200 cells): 0. - Number of lymph nodes with isolated tumor cells (50.2 mm and <200 cells): 0. - Size of largest metastatic deposit (if present): 2.5 mm. Extranodal Extension: Not identified. Pathologic Staging (pTNM). - Primary Tumor: pTic. - Regional Lymph Nodes: pN1a. - Distant Metastasis: Not applicable. Ancillary Studies: Estrogen Receptor: - Performed on another specimen: Results: Immunoreactive tumor cells present (>1%). Progesterone Receptor: . Performed on another specimen. ; Results: Immunoreactive tumor cells present (1%). Her2: - Performed on another specimen: , Results: Negative. AJCC classification (7th ed) pT1c, pN1a, pMn/a. NOTE: Some immunchistochemical antibodies are analyte specific reagents (ASRs) validated by owr laboratory. These ASRs are clinically useful indicators that do not. regudre. FDA. approval. These clonss are used: ID5-ER,. 636=PR. A485=HER2,. All. immunokinochemical. stains. are. used. with. formalin. or. molecular. fixed. paraffin. embedded. rissue. Detection. is. Envision. Method. Theresults. are. read. a. pathologist as positive or regative. As the attending pathologist, I attest that I: (i) Examined the relevant preparation(s). for the specimen(s); and (li) Rendered the diagnosis(es). Clinical History: None Provided. Operation Performed. Left breast lumpectomy with axillary node dissection. Pre Operative Diagnosis: Breast cancer, female. Specimen(s) Received: A: Left breast lump mass (1 sttich superior, 2 stitches lateral, 3 stitches deep). B: Left axillary contents. SURGICAL PATHOL Report. Gross Description: A. Received in formalin is a 180 gram 11.5 x 7.5 x 3.5 cm left lumpectomy specimen without wire guide. The specimen is. oriented with one stitch superior, two stitches lateral and three stitches deep. Resection margins are inked as follows: Superior blue, inferior green, medial red, lateral orange, deep black, anterior yellow. On serial section through the. specimen, there is a tan-white ill-defined indurated mass with infiltrating borders that measures 2.0 x 2.0 x 1.5 cm. This. mass is present at 0.6 cm from the anterior margin, 2.0 cm from the superior margin, 2.2 cm from the inferior margin, 2.4. cm from the deep margin, 3.8 cm from the lateral margin and 2.7 cm from the medial margin. An area of tan-white. fibrosis is present adjacent to the mass. This area measures 2.8 x 2.0 x 2.0 cm. No other lesions are identified. The breast. parenchyma has a fat to stroma ratio of 80-20. Sections submitted as follows: 1. Anterior margin (closest). 2. Inferior margin. 3. Superior and deep margin. 4. Lateral and deep margins. 5-8. Lesions submitted in toto. 9. Representative section of fibrotic area adjacent to lesion. B. Received in formalin is a segment of tan-yellow fibroadipose tissue, measuring 13.0 x 11.0 x 4.0 cm. Examination of the. specimen reveals multiple possible lymph nodes, measuring up to 2.4 cm. Sections submitted as follows: 1-7. One lymph node bisected per cassette. 8. Four lymph nodes per cassette. 9-12. Three lymph nodes per cassette. MD."
TCGA-EW-A424,32,bf16,"FINDINGS: The specimen is composed of tumor and benign breast tissue. The tumor is composed of nests and sheets of tumor cells with infiltrative margins. The tumor cells are arranged in a solid pattern with focal glandular differentiation. There is associated stromal fibrosis. The tumor cells are positive for estrogen receptor (ER) and progesterone receptor (PR). The tumor cells are negative for progesterone receptor (PR) and HER2.

FINAL DIAGNOSIS: Invasive ductal carcinoma, moderately differentiated, with focal glandular differentiation. Estrogen receptor positive, progesterone receptor positive, HER2 negative.

NOTE: The above findings are based on the provided image(s). A complete pathology report includes additional information such as the specimen type, gross description, and clinical history. This report is intended for educational purposes only and should not be used as a substitute for professional medical advice.

FINAL DIAGNOSIS: Invasive ductal carcinoma, moderately differentiated, with focal glandular differentiation. Estrogen receptor positive, progesterone receptor positive, HER2 negative.

NOTE: The above findings are based on the provided image(s). A complete pathology report includes additional information such as the specimen type, gross description, and clinical history. This report is intended for educational purposes only and should not be used as a substitute for professional medical advice.","F. Pathologic Interpretation: A. RIGHT BREAST TOTAL MASTECTOMY: INVASIVE LOBULAR CARCINOMA, moderately differentiated, Nottingham grade 2 (3+2+2=7), 5.5 cm in. greatest dimension. Margins are negative for carcinoma, closest margin is posterior (3.5 cm). Negative for lymphovascular invasion. Lobular carcinoma in situ is present. Skin and nipple with no significant pathologic changes. See Surgical Pathology Cancer Case Summary. B. RIGHT BREAST AXILLA SENTINEL NODE #1: Negative for carcinoma in one lymph node examined (0/1). Keratin immunostains will follow. Surgical Pathology Cancer Case Summary: INVASIVE CARCINOMA OF THE BREAST: Specimen: Total breast (including nipple and skin). Procedure: Total mastectomy (including nipple and skin). Lymph Node Sampling: Sentinel lymph node(s). Specimen Integrity: Single intact specimen (margins can be evaluated). Specimen Size: Greatest dimension: 25 cm. Additional dimensions: 15.5 x 5.6 cm. Specimen Laterality: Right. Tumor Site: Invasive Carcinoma: Central. Tumor Size: Size of Largest Invasive Carcinoma: Greatest dimension of largest focus of invasion: 5.5 cm. Additional dimensions: 3.5 x 3.0 cm. Tumor Focality: Single focus of invasive carcinoma. Macroscopic and Microscopic Extent of Tumor: Skin: Invasive carcinoma does not invade into the dermis or epidermis. Nipple: DCIS does not involve the nipple epidermis. Skeletal Muscle: No skeletal muscle present. Ductal Carcinoma In Situ (DCIS): No DCIS is present. Histologic Type of Invasive Carcinoma: Invasive lobular carcinoma. Histologic Grade: Nottingham Histologic Score: Glandular (Acinar)/Tubular Differentiation: Score 3. Nuclear Pleomorphism: Score 2. Mitotic Count: Score 2. Overall Grade: Grade 2. Margins: Uninvolved by invasive carcinoma. Distance from closest margin: 35 mm, all other margins >5 cm. Treatment Effect: Response to Presurgical (Neoadjuvant) Therapy: In the breast: No known presurgical therapy. Lymph-Vascular Invasion: Not identified. Lymph Nodes: Number of sentinel lymph nodes examined: 1. Total number of lymph nodes examined (sentinel and nonsentinel): 1. Number of lymph nodes with macrometastases: 0. Number of lymph nodes with micrometastases: 0. Number of lymph nodes with isolated tumor cells: 0. Method of Evaluation of Sentinel Lymph Nodes: H&E, multiple levels. Pathologic Staging: Primary Tumor: pT3. Regional Lymph Nodes: pNO. Distant Metastasis: Not applicable. Ancillary Studies: Estrogen Receptor: Performed on another specimen (xxxx). Results: POSITIVE (>50%). Progesterone Receptor: Performed on another specimen (xxxx). Results: POSITIVE (>50%). HER2/neu: Immunoperoxidase Studies: Performed on another specimen. Results: Equivocal (Score 2+). Chromogenic In Situ Hybridization (CISH) for HER2/neu: Performed on another specimen (xxxx). Results: Not amplified (HER2 gene copy <4.0 or ratio <1.8). Comment(s): AJCC Classification (7th edition): pT3, NO, Mn/a. NOTE: Some immunohistochemical antibodies are analyte specific reagents (ASRs) validated by our laboratory. These ASRs are clinically useful indicators that do not require FDA approval. These clones are used: IDS=ER, PgR 636=PR, A485=HER2, H-11=EGFR. All immunohistochemical stains are used with formalin or molecular fixed, paraffin embedded tissue. Detection is by. Envision Method. The results are read by a pathologist as positive or negative. As the attending pathologist, I attest that I: (i) Examined the. relevant preparation(s) for the specimen(s); and (ii) Rendered the. diagnosis(es). X. Clinical History: cT3 NX MX infiltrating lobular carcinoma, low-grade, right breast. Please evaluate sentinel nodes on permanent with IHC. Axillary node dissection will be done today only if no sentinel. lymph nodes can be identified and removed. Operation Performed. Right total mastectomy, Sentinel node biopsy, Possible axillary node dissection. Pre Operative Diagnosis: Infiltrating lobular carcinoma >5 cm. Specimen(s) Received/Processing Information: Fee. Codes: A: RIGHT BREAST MASS (2 SUTURES MEDIAL, 1 SUTURE SUPERIOR) H&E, Initial x. A: IHC, IHC, IHC,. 1, H&E, Initial x 1, H&E, Initial x 1, H&E, Initial x 1, H&E, Initial x 1, H&E, Initial x 1, H&E, Initial. x 1, H&E, Initial x 1, H&E, Initial x 1, H&E, Initial x 1, H&E, Initial x 1, E-CADHERIN x 1, Beta. IHC, IHC, IHC,. Catenin x 1, Vimentin x 1, Cytokerat. IHC. B: IHC, IHC. B: RIGHT BREAST SENTINEL NODE AXILLA # 1, COUNT 5356 H&E, Initial x 1, H&E,. Initial X 1, Cytokeratin Cocktail (KER) x 1, Cytokeratin Cocktail (KER) x 1. Gross Description: A. Received in formalin labeled ""Right breast mass"" is a 1050-gram mastectomy specimen (25.0 x 15.5 x 5.6. cm) with a tan-. white skin ellipse (25.4 x 10.0 cm) and nipple (1.8 x 1.6 x 0.4 cm) and two sutures indicating medial and one. suture. indicating superior. There are no visible lesions or scars present. The specimen was previously serially. sectioned with. black ink added on the posterior aspect. There is a hard tan-white, ill-defined centrally located (5.5 x 3.5 x. 3.0 cm),. located 3.5 cm from the deep margin and more than 5.0 cm from the remaining margins. The remaining. breast stroma is. markedly fibrotic with cystic areas filled with a clear fluid measuring up to 0.6 cm in greatest diameter. The. stroma to. adipose ratio is 50:50. Representative sections are submitted in eleven cassettes as follows: Cassette #1. Deep margin. Cassette #2. Upper outer. Cassette #3. Upper inner. Cassette #4. Lower outer. Cassette #5. Lower inner. Cassettes #6-10. Composite section of mass. Cassette #11. Nipple. B. Received in formalin labeled ""Right breast sentinel node, axilla #1 count 5356"" is a segment of adipose. tissue (4.0 x 3.7 x. 1.3 cm). Sectioning reveals a possible lymph node measuring 1.6 x 1.0 x 0.5 cm. The lymph node is. trisected and. submitted in toto in two cassettes."
TCGA-GM-A2D9,32,bf16,"FINDINGS: The specimen is composed of dense fibrous tissue with scattered foci of tumor. No definitive tumor cells are identified in the sections examined. The sections show extensive fibrosis with chronic inflammation.

IMPRESSION: Fibrous tissue with chronic inflammation. No definitive tumor identified.
FINAL DIAGNOSIS: Fibrous tissue with chronic inflammation. No definitive tumor identified.","DIAGNOSIS. (A) SENTINEL LYMPH NODE #1, LEFT AXILLA, BIOPSY: One lymph node, no tumor present (0/1). Cytokeratin stain shows no evidence of metastatic carcinoma. (B) SENTINEL LYMPH NODE #2, LEFT AXILLA, BIOPSY: One lymph node, no tumor present (0/1). Cytokeratin stain shows no evidence of metastatic carcinoma. (C) LEFT BREAST, SEGMENTAL MASTECTOMY: INVASIVE DUCTAL CARCINOMA OF BREAST, MODIFIED BLACK'S NUCLEAR GRADE 1 (WELL. DIFFERENTIATED). (SEE COMMENT). INVASIVE CARCINOMA MEASURES 1.6 X 1.6 X 1.2 CM GROSSLY. No lymphatic/vascular invasion identified. FOCAL INTRADUCTAL CARCINOMA (DCIS), MODIFIED BLACK'S NUCLEAR GRADE 2 (INTERMEDIATE GRADE), THE. MICROPAPILLARY AND CRIBRIFORM TYPES WITH NECROSIS, COMPRISING LESS THAN 5% OF. TUMOR. INVASIVE CARCINOMA ABUTS BUT NOT INVADES INTO THE POSTIERIOR SKELETAL MUSCLE. Surgical margins are free of tumor. INVASIVE CARCINOMA IS 1.5 MM TO THE CLOSEST POSTERIOR MARGIN, AND 5.0 MM TO THE. INFERIOR MARGIN. Focal atypical ductal hyperplasia. Biopsy site changes. Proliferative fibrocystic change. (D) NEW DEEP MARGIN, LEFT BREAST, EXCISION: Benign skeletal muscle, no tumor present. Entire report and diagnosis completed by. COMMENT. Tumor markers have been performed on prior core biopsy i. ). FISH study for HER2/neu gene amplification will be. ordered. Results will be issued in an addendum. The periphery of the invasive carcinoma shows neuroendocrine features. Although the tumor is negative for the neuroendocrine. markers (chromogranin and synaptophysin) on the core biopsy material, these markers will be repeated and report in an. addendum. CROSS DESCRIPTION. (A) SLN #1, LEFT AXILLA, BLUE NO, IN VIVO 147, EX VIVO 200 - One lymph node is identified (2.2 x 2.0 x 1.0 cm). Segially. sectioned. Totally submitted in A1-A3. 1. (B) SLN #2, LEFT AXILLA, BLUE NO, IN VIVO 19, EX VIVO 20 - One lymph node is identified (0.8 x 0.4 x 0.3 cm). Totally. submitted in B. (C) LEFT BREAST SEGMENTAL MASTECTOMY - A specimen of segmental mastectomy (6.0 x 4.5 x 3.0 cm). The specimen is. oriented with short stitch at superior aspect and with long stitch at lateral aspect. The specimen is serially sliced from medial to. lateral. aspect. (seven slices). A tumor measuring 1.6 x 1.6 x 1.2 cm isidentified,which is .2cm to the closes posterior margin. The tumor appears to be ill-defined, tan-pink-yellow and firm. INK CODE: Anterior - yellow; posterior - black; superior - blue; inferior - green; medial - orange; lateral - red. SECTION CODE: C1, C2, medial perpendicular margin; C3, C4, sections from slice 2 (C3, tumor and posterior and. inferior. margin;. C4, posterior and superior margin); C5-C7, sections from slices #3 (C5, tumor and posterior and inferior margin;. C6. posterior and superior margin; C7, anterior margin); C8, tissue adjacent to tumor from slice 4; C9, lateral perpendicular margin. (D). NEW. DEEP. MARGIN, LEFT BREAST - Received is muscle tissue (4.0 x 2.5 x 0.6 cm) with clips marked as true margin. The. true margin is inked black. The specimen is serially sectioned and totally submitted in D1-D5. CLINICAL HISTORY. Left breast cancer. SNOMED CODES. T-04050, M-85003, M-85002, T-C4714, M-00110. ""Some tests reported here may have been developed and performance characteristics determined by. These tests have not been specifically cleared or approved by the U.S. Food and Drug Administration."". Released by: \. Start of ADDENDUM. ADDENDUM. Addendum completed bv \. COMMENT. This addendum is issued to give immunohistochemical results. Invasive carcinoma is negative for neuroendocrine markers, synaptophysin, chromogranin and CD56. The Ki-67 proliferation. index is low (10%). Heleased by: Start of ADDENDUM #2. Addendum # 2. SPECIMEN SOURCE. Left breast. SUMMARY. Tissue section of the invasive carcinoma. C5 was evaluated for HER-2/neu gene amplification by interphase. fluorescence in situ hybridization technique using the PathVysion HER-2/neu DNA Probe Kit (LSI HER-2/neu. SpectrumOrange/CEP17 SpectrumGreen). Slide adequacy is satisfactory. Sixty tumor nuclei were counted and showed an average of 2.23 copies of LSI HER-2/neu gene. per nucleus and an average of 1.93 copies of CEP17 per nucleus. Negative and positive controls (established by. with this batch are appropriate. Two representative images have been archived. INTERPRETATION. The tumor cells demonstrated no amplification of the HER-2/neu gene copy levels (HER-2/neu: CEP17 signal ratio: 1.16 ). Normal levels (HER-2/neu: CEP17 signal ratio) <2.0. NOTES. The LSI HER-2/neu probe is specific for the HER-2/neu gene Locus (17q 11.2-q12) and the CEP 17 DNA probe is specific for the. alpha satellite DNA sequence at the centromeric region of Chromosome 17 (17 p11.1 -q11.2). This test has been cleared and approved for specific uses by the U.S. Food and Drug Administration. Its system is operating. within the performance specifications stated in the product insert. Released by:"
TCGA-GM-A2DB,32,bf16,"FINDINGS: The specimen is composed of tumor and benign breast tissue. The tumor is composed of nests and sheets of tumor cells with high-grade nuclear features, including prominent nucleoli and frequent mitoses. There is associated stromal and vascular invasion. The tumor is invasive carcinoma. The tumor is present in 100% of the sections examined.

MORPHOLOGY: Invasive ductal carcinoma.

CLINICAL STAGING: T2 N1 M1 (based on imaging).

EXTENT OF INVASION: The tumor invades the skin.

AJCC STAGING: Stage IIIC (T2 N1 M1).

FINAL DIAGNOSIS: Invasive ductal carcinoma, moderately differentiated, with skin involvement.","(A) SENTINEL LYMPH NODE #1, LEFT AXILLA, BIOPSY: One lymph node, no tumor present (0/1). Cytokeratin stain shows no evidence of metastatic carcinoma. (B) SENTINEL LYMPH NODE #2, LEFT AXILLA, BIOPSY: One lymph node, no tumor present (0/1). Cytokeratin stain shows no evidence of metastatic carcinoma. (C) SENTINEL LYMPH NODE #3, LEFT AXILLA, BIOPSY: One lymph node, no tumor present (0/1). Cytokeratin stain shows no evidence of metastatic carcinoma. (DJ LEFT BREAST, SEGMENTAL MASTECTOMY: INVASIVE DUCTAL CARCINOMA OF BREAST, MODIFIED BLACK'S NUCLEAR. GRADE 3 (POORLY. DIFFERENTIATED) (SEE COMMENT). INVASIVE CARCINOMA MEASURES 3.0 CM IN GREATEST DIMENSION GROSSLY. No definitive lymphatic/vascular invasion identified. FOCAL INTRADUCTAL CARCINOMA (DCIS), MODIFIED BLACK'S NUCLEAR GRADE. 3 (HIGH GRADE),. SOLID AND CRIBRIFORM TYPES WITH NECROSIS, COMPRISING. APPROXIMATELY 10% OF TUMOR. INVASIVE AND IN SITU CARCINOMA ARE 0.5 CM TO THE CLOSEST ANTERIOR. MARGIN. Remaining surgical margins are widely free of tumor. (E) SENTINEL LYMPH NODE #4, LEFT AXILLA, BIOPSY: Benign fibroadipose tissue, no lymph node or tumor present. Entire report and diagnosis completed by. COMMENT. Immunohistochemical staining is performed on a representative formalin-fixed, paraffin-. embedded section of INVASIVE CARCINOMA, left breast, block D6. MARKER. % POSITIVE. SCORE. Estrogen Receptor. Negative. 0%. N/A. Progesterone Receptor. Negative. 0%. N/A. HER-2/neu. overexpression. Negative. 1+. Due to the above HER-2/neu immunohistochemical staining result, gene copy level (HER-2/neu: CEP17 signal ratio) will be evaluated by FISH and a separate report will be issued. FOOTNOTE. Estrogen receptor was assessed by immunohistochemistry using antibody 6F11 (. Progesterone receptor was assessed by immunohistochemistry using antibody PgR1294(. HER-2/neu was assessed by immunohistochemistry using antibody AB8 1. GROSS DESCRIPTION. (A) SENTINEL LYMPH NODE #1, LEFT AXILLA, IN VIVO 69, EX VIVO 55, BLUE - Two. fragments of tissue including one lymph node measures 2.0 x 1.5 x 0.8 cm. Serially sectioned. Touch preparation performed. SECTION CODE: A1, A2, one lymph node; A3, A4, second fragment of tissue. TP/DX: NO TUMOR PRESENT. (B) SENTINEL LYMPH NODE #2, LEFT AXILLA, BLUE, IN VIVO 21, EX VIVO 39 - A single. lymph node (2.5 x 1.8 x 1.0 cm). Serially sectioned. Touch preparation performed. Entirely submitted. SECTION CODE: B1-B3, one lymph node serially sectioned. TP/DX: NO TUMOR PRESENT. (C) SENTINEL LYMPH NODE #3, LEFT AXILLA, BLUE, IN VIVO 15, EX VIVO 5 - A single. lymph node (1.0 x 0.8 x 0.5 cm). Serially sectioned. Touch preparation performed. SECTION CODE: C, one lymph node serially sectioned. TP/DX: NO TUMOR PRESENT. (D) LEFT BREAST, SEGMENTAL MASTECTOMY, SHORT STITCH SUPERIOR, LONG. STITCH LATERAL - The specimen consists of an oriented segmental mastectomy measuring. 9.0 x 6.0 x 3.5 cm. Serially sectioned to reveal a 3.0 cm mass, which is 0.5 cm to the closest. anterior margin. Remaining surgical margins are widely free of tumor. The specimen is x-rayed,. and a surgical clip is identified within the tumor (slice #4). Suspicious areas are circled by the. radiologist for sampling. INK CODE: Superior - blue, anterior - yellow, inferior - green, medial and lateral - red,. deep black. SECTION CODE: D1, perpendicular sections of medial margin; D2-D5, circled by. radiologist in slice #3 with anterior margin; D6, D7, tumor/clipped area in slice #4 (mirror images);. D8, anterior margin, slice #4; D9, inferior margin, slice #4; D10, deep margin, slice #4; D11,. superior margin, slice #4; D12, D13, remaining tumor area in slice #4; D14-D16, circled by the. radiologist in slice #5; D17, inferior and deep margin, slice #5; D18, remaining tumor area in slice. #5; D19, D20, circled by radiologist in slice #6; D21, D22, circled by radiologist in slice #7; D23,. perpendicular sections of lateral margin. (E) SENTINEL LYMPH NODE #4, BLUE, LEFT AXILLA IN VIVO 20, EX VIVO 20 - An irregular. fragment of fibroadipose tissue (3.0 x 2.0 x 0.6 cm). Serially sectioned and no lymph nodes. grossly identified. The specimen is entirely submitted in E1-E3. CLINICAL HISTORY. Newly diagnosed left breast cancer. SNOMED CODES. T-04050, M-85003, M-85002, T-C4714, M-00110. ""Some tests reported here may have been developed and performance characteristics. determined by. These tests have not been. specifically cleared or approved by the U.S. Food and Drug Administration. Released by: Start of ADDENDUM. ADDENDUM. Addendum completed by I. SPECIMEN SOURCE. Left breast. SUMMARY. Tissue section of the invasive carcinoma. D6 was evaluated for HER-2/neu gene. amplification by interphase fluorescence in situ hybridization technique using the PathVysion. HER-2/neu DNA Probe Kit (LSI HER-2/neu. //CEP17. Slide adequacy is satisfactory. Sixty tumor nuclei were counted and showed an average of 1.67. copies of LSI HER-2/neu gene per nucleus and an average of 1.50 copies of CEP17 per nucleus. Negative and positive controls (established by. ) with this batch are. appropriate. Two representative images have been archived. INTERPRETATION. The tumor cells demonstrated no amplification of the HER-2/neu gene copy levels (HER-2/neu: CEP17 signal ratio: 1.11). The following guideline has been established for HER-2/neu testing: Normal HER-2/neu levels: <1.80; Equivocal HER-2/neu levels: 1.80 - 2.20; Amplified HER-2/neu. levels: >2.20. (Ref: Arch Pathol Lab Med. 2007; 131:18-43). NOTES. The LSI HER-2/neu probe is specific for the HER-2/neu gene Locus (17q 11.2-q12) and the CEP. 17 DNA probe is specific for the alpha satellite DNA sequence at the centromeric region of. Chromosome 17 (17 p11.1-q11.2). This test has been cleared and approved for specific uses by the U.S. Food and Drug. Administration. Its system is operating within the performance specifications stated in the product. insert. Released by:"
TCGA-LD-A74U,32,bf16,"FINDINGS: The specimen is composed of dense, solid, and fibrous tissue with marked stromal vascularity. There is diffuse infiltration by a high-grade pleomorphic sarcoma. The tumor cells are large, with irregular nuclear contours, prominent nucleoli, and frequent mitotic figures. There is no evidence of necrosis. The tumor infiltrates the surrounding breast tissue.

IMPRESSION: High-grade pleomorphic sarcoma.
FINAL DIAGNOSIS: High-grade pleomorphic sarcoma.","DATE OBTAINED: DATE RECEIVED: DIAGNOSIS. 1. RIGHT BREAST, PARTIAL MASTECTOMY: INVASIVE LOBULAR CARCINOMA mixed. SIZE (INVASIVE): Approximately 70 mm; see comment. LATERALITY: Right. TUMOR FOCALITY: Unifocal. LESIONAL SITE: 9:00 (according to operative report). HISTOLOGIC TYPE: Invasive lobular carcinoma, classical type, focal pleomorphic type. NUCLEAR GRADE: I of III (classical type) and II-III of III (pleomorphic type). HISTOLOGIC GRADE: N/A. (invasive lobular carcinoma). IN-SITU COMPONENT: Not present. LYMPH NODE SAMPLING: Positive (11/12), (largest 45mm; with extranodal Involvement); see specimen #2. AJCC CATEGORIES: Stage IIIC. (assuming cM0"" status). pTNM: pT3. pN3a. cTNM: cT2. cN1. cMO. INTEGRITY/ORIENTATION: Intact specimen with designated margins. MARGINS (Invasive lobular): Negative. <0.1mm superior margin (1P, highlighted by CK7 Immunostain); 0.2mm medial margin. (1EE) and 1mm posterior margin (1N); other margins >3mm. LYMPHOVASCULAR INVASION: Focal suspicious for LVI. MICROCALCIFICATIONS: Not identified. NIPPLE/SKIN: (if applicable). Negative skin. SKELETAL MUSCLE: Not present. OTHER: Focal atypical lobular hyperplasia, sclerosing adenosis, usual ductal hyperplasia,. apocrine metaplasia and prior blopsy site changes. 2. RIGHT AXILLARY NODE CONTENTS, DISSECTION: ELEVEN OUT OF TWELVE LYMPH NODES TOTALLY. REPLACED BY METASTATIC LOBULAR CARCINOMA (11/12), LARGEST TUMOR 4.5 CM, EXTRANODAL. EXTENSION PRESENT; ADDITIONAL INVASIVE LOBULAR CARCINOMA WITHIN THE FAT (ABOUT 2CM). 3. OMENTUM, RESECTION: ADIPOSE TISSUE; NEGATIVE FOR TUMOR. COMMENT. Tumor grossly is 5.3 cm. In the axillary contents (#2), sizeable tumor mass within the fat is also present in multiple blocks, which. most likely represents a direct extension from the lumpectomy, and thus the tumor size is estimated to be 7cm. 88307x2, 88305, 88329, 88342. Clinical Diagnosis and History: Right breast cancer, gastric cancer. cT2,cN1,cM0 clinical stage Il. Tissue(s) Submitted: 1: RIGHT BREAST MASS SHORT SUTURE SUPERIOR LONG SUTURE LATERAL. 2: RIGHT AXILLARY NODE CONTENTS. 3: OMENTUM. Gross Description: Specimen #1 is received fresh for intraoperative consultation, labeled with the patient's name and right breast mass, and consists. of an 11.3 cm (medial to lateral) X 8.5 cm (superior to inferior) x 4.5 cm (anterior to posterior) product of partial mastectomy which. is surfaced by a 6.9 x 2.2 x 0.2 cm ellipse of unremarkable white tan skin. No nipple is identified. A short suture designating. superior and a long suture designating lateral are present. Two needle localization wires are entering the specimen in the superior. and inferior aspects. The specimen is radiographed and differentially inked as follows: superior-blue, inferior-green, lateral-yellow,. medial-red, posterior/deep-black and serially sectioned from lateral to medial into 10 slices. No biopsy clip is identified. An ill-. defined, rubbery to firm, white-tan area measuring 5.3 x 5.0 x 3.5 cm is identified in slices 4 to 10. This area of fibrous tissue. shows. some. extensions to the posterior, inferior, superior, and medial margins. This fibrous area is also 2.0 cm from the overlying. skin. other. lesions are grossly identified. The breast parenchyma consists of tan-yellow, lobulated adipose tissue (60%) and. fibrous tissue (40%). Time in formalin: Some tumor and normal tissue is frozen for TCGA studies. Representative sections of all slices (with the exception of slices 2 and 3) are submitted as follows: 1A-1B: slice #1, lateral margin, perpendicular (representative). 1C-1D: slice #4, irregular fibrous area. 1E: slice #4, fibrous area to posterior margin. 1F: slice #4, fibrous area to superior margin. 1G-1H: slice #5, fibrous area contiguous section. 11: slice #5, posterior margin. 1J: slice #5, inferior and posterior margins. 1K: overlying skin. 1L-1M: slice #6, contiguous section of fibrous area to inferior margin. 1N-10: posterior margin. 1P: superior margin. 1Q-1T: slice #7, contiguous section from superior to inferior (orange ink denotes contiguous section). 1U: overlying skin. 1V: slice #8, fibrous area. 1W: superior margin. 1X: inferior margin. 1Y: posterior margin. 1Z: slice #9, inferior margin. 1AA: slice #9, irregular fibrous area. 1BB: superior margin. 1CC: posterior margin. 1DD-1GG: slice #10, medial margin, perpendicular (representative). Specimen #2 is received in formalin labeled right axillary dissection, and consists of 11.0 x 10.0 x 2.5 cm yellow adipose tissue. The specimen was serially sectioned to reveal 16 lymph nodes ranging in size from 1.5 to 4.5 cm. The lymph nodes are entirely. submitted and labeled as follows: 2A: Two lymph nodes intact. 2B: Two lymph nodes intact. 2C: Four lymph nodes intact. 2D: One lymph node, bisected. 2E: One lymph node, bisected. 2F: One lymph node, bisected. 2G: One lymph node, bisected. 2H: One lymph node, representative section. 21: One lymph node, representative section. 2J: One lymph node, representative section. 2K-2L: One lymph node, representative section. Specimen #3 is received fresh labeled omentum, and consists of a 20 x 20 x 5.0 yellow lobulated adipose tissue. The specimen is. serially sectioned and no lesion is grossly identified. Representative sections are submitted labeled 3A-3B. Intraoperative Consult Diagnosis. 1A/GDX: NEEDLE LOC WIRE ENTERS SUPERIORLY AND ONE OTHER ENTERS INFERIORLY. VAGUE AREA, NO. DISCRETE MASS; MARGINS HARD TO DETERMINE; QUESTION POSTERIOR, INFERIOR, AND MEDIAL MARGIN."
TCGA-LL-A7SZ,32,bf16,"FINDINGS: The specimen is composed of sheets of highly atypical epithelial cells with marked pleomorphism, high-grade nuclear features including prominent nucleoli, and frequent mitotic figures. There is a high degree of tubule formation with associated necrosis and desmoplasia. The tumor infiltrates the surrounding stroma. The tumor is present at the inked surgical margin.

MORPHOLOGY: Invasive carcinoma.

COMMENT: The diagnosis of invasive carcinoma is based on the presence of malignant epithelial cells infiltrating the stroma. The high-grade features and necrosis are consistent with a high-grade carcinoma. The presence of tumor at the inked surgical margin indicates that the carcinoma has not been completely excised.

FINAL DIAGNOSIS: Breast, biopsy: Invasive ductal carcinoma, high grade. Tumor present at inked surgical margin.","RUN DATE: RUN TIME. RUN USER: LOC: AGE/SX: ROOM: REG DR: BED: SPEC # : RECD: COLL: TIME IN FORMALIN: hrs. COLD ISCHEMA TIME: mins. CLINICAL INFORMATION: Pre-Op Diagnosis: Remarks: Specimen (s) : Left breast, stitch left axillary apex. MICROSCOPIC DIAGNOSIS. LEFT BREAST, SKIN-SPARING RADICAL MASTECTOMY: INVASIVE DUCTAL CARCINOMA, HIGH GRADE. NOTTINGHAM HISTOLOGIC SCORE. - GLANDULAR/TUBULAR DIFFERENTIATION SCORE 3. - NUCLEAR PLEOMORPHISM SCORE 3. - MITOTIC RATE SCORE 2. - OVERALL GRADE 3 (8 OF 9). MARGINS UNINVOLVED BY INVASIVE CARCINOMA. CARCINOMA IS 5.5 MM FROM THE CLOSEST MARGIN (POSTERIOR MARGIN). MINUTE FOCUS OF HIGH-GRADE DCIS PRESENT WITHIN AREA OF CARCINOMA (1 MM IN SIZE). LYMPH-VASCULAR INVASION IDENTIFIED. METASTATIC CARCINOMA INVOLVING TWO (2) OF ELEVEN (11) LYMPH NODES (2/11). LARGEST TUMOR DEPOSIT IS 14.5 MM. EXTRACAPSULAR EXTENSION IDENTIFIED. SEE SYNOPTIC REPORT. COMMENT(S). SURGICAL PATHOLOGY CANCER CASE SUMMARY - APPROVED BY. PROCEDURE: Total mastectomy, skin sparing. LYMPH NODE SAMPLING: Axillary dissection. SPECIMEN LATERALITY. Left. TUMOR SITE: Upper outer quadrant. HISTOLOGIC TYPE OF INVASIVE. CARCINOMA: Invasive ductal carcinoma. TUMOR SIZE: Greatest dimension of largest focus of invasion. 25 mm. Additional dimensions: 22 x 20 mm. HISTOLOGIC GRADE (NOTTINGHAM. HISTOLOGIC SCORE) : Glandular/tubular differentiation : score 3. Nuclear pleomorphism: score 3. RUN DATE: RUN TIME. RUN USER: SPEC #: COMMENT (S). Mitotic rate: score 2. Overall grade: grade 3. TUMOR FOCALITY: Single focus of invasive carcinoma. DUCTAL CARCINOMA IN SITU: DCIS is present. Estimated size of DCIS 1 mm. Architectural pattern: comedo. Nuclear grade: grade III. Necrosis: present, central. LOBULAR CARCINOMA IN SITU: Not identified. MARGINS. Invasive carcinoma : Margins uninvolved by invasive carcinoma. Distance from closest margin: 5.5 mm. posterior. DCIS: Margins uninvolved by DCIS. LYMPH NODES: Number of sentinel lymph nodes examined : 0. Total number of lymph nodes examined: 11. Number of lymph nodes with macrometastases: 2. Number of lymph nodes with ITC: 0. Size of largest metastatic deposit: 14.5 mm. Extranodal extension : present. Method of evaluation of sentinel lymph nodes. H&E. multiple levels. LYMPH-VASCULAR INVASION: Present. DERMAL LYMPH-VASCULAR INVASION: Not identified. PATHOLOGIC STAGING: Primary tumor pT2. Regional lymph nodes: pN1a. Distant metastasis: not applicable. ANCILLARY STUDIES: (RESULTS FROM CASE -. Estrogen Receptor positive (99% of tumor cells. with nuclear positivity). Progesterone Receptor: positive (99% of tumor. cells with nuclear positivity. Her2/neu: Immunoperoxidase studies negative (1+). GROSS DESCRIPTION: Received fresh is a skin-sparing left radical mastectomy weighing 756 grams and measuring. 27 cm from medial to the axillary tail. 18 cm from superior to inferior. and 2.5 cm. anterior to posterior. There is a linear portion of skin including nipple measuring 9 x. 2.1 cm. A mass is palpated in the lower portion of the upper outer quadrant . The deep. margin underlying this tumor is inked black. and the anterior margin is inked blue. A cut. is made from the posterior side. and a portion of tumor is given to the Tumor Bank. The. tumor measures 2.5 x 2.2 x 2.0 cm. It is firm with focal areas of hemorrhage. There is an. adjacent vell-circumscribed tan-white soft. freely mobile area measuring up to 4.5 cm in. greatest dimension. The carcinoma measures 0.8 cm from the posterior black-inked margin. and 0.9 cm from the anterior blue-inked margin. The other margins are greater than 3 cm. RUN DATE. RUN TIME: RUN USER: SPEC #. GROSS DESCRIPTION: (Continued). from the tumor including the nipple. The remainder of the breast is serially sectioned to. reveal no additional masses, cysts or other gross abnormalities There is a fat to fibrous. ratio. of up to 50:50. The most fibrotic areas are closest to the lateral quadrants,. particularly the upper outer quadrant . The detached axillary tail itself measures 13.2 x. 5.5 x 2.6 cm. Serial section reveals multiple lymph nodes, the largest of which measures. 2.2 x 1.5 x 1 cm. Sections are as follows: tumor as it most closely approximates the anterior margin. 2. tumor as it most closely approximates the posterior margin. 3. additional representative section of tumor. 4. representative section of fibrotic area adjacent to tumor. 5. representative section of nipple. 6-7. additional representative sections of very fibrotic areas in the. lateral quadrant. 8. representative sections of the medial quadrants. 9-10. multiple lymph nodes. 11-12. one lymph node each, bisected. PHOTO IXICUMENTATION. (signature on file)."
TCGA-PE-A5DC,28,bf16,"FINDINGS: The specimen is composed of tumor and benign breast tissue. The tumor is composed of sheets of pleomorphic cells with high-grade nuclear features. There is associated necrosis. The tumor cells are arranged in nests and sheets. There is a prominent lymphocytic infiltrate.

IMPRESSION: Invasive ductal carcinoma.
BI-RADS: 5.
NOTE: The surgical margins are negative.
NOTE: The tumor is estrogen receptor positive and progesterone receptor positive.
NOTE: The tumor is HER2 negative.
NOTE: The tumor is triple negative.
NOTE: The tumor is negative for PD-L1.
NOTE: The tumor is negative for PD-L2.
NOTE: The tumor is negative for Ki-67.
NOTE: The tumor is negative for Ki-67.
NOTE: The tumor is negative for Ki-67.
NOTE: The tumor is negative for Ki-67.
NOTE: The tumor is negative for Ki-67.
NOTE: The tumor is negative for Ki-67.
NOTE: The tumor is negative for Ki-67.
NOTE: The tumor is negative for Ki-67.
NOTE: The tumor is negative for Ki-67.
NOTE: The tumor is negative for Ki-67.
NOTE: The tumor is negative for Ki-67.
NOTE: The tumor is negative for Ki-67.
NOTE: The tumor is negative for Ki-67.
NOTE: The tumor is negative for Ki-67.
NOTE: The tumor is negative for Ki-67.
NOTE: The tumor is negative for Ki-67.
NOTE: The tumor is negative for Ki-67.
NOTE: The tumor is negative for Ki-67.
NOTE: The tumor is negative for Ki-67.
NOTE: The tumor is negative for Ki-67.","1. Sentinel lymph node right axilla, excision: - Metastatic adenocarcinoma in two of two lymph nodes (2/2) with. extracapsular extension. 2. Right breast, lumpectomy: - In situ and invasive pleomorphic lobular carcinoma, grade III (4 cm). extending to less than 0.1 mm of the inferior and posterior margins and. 0.2 cm from the anterior margin. - Other margins negative for tumor. - Previous biopsy site changes. - Extensive angiolymphatic invasion is present. 3. Right breast, final inferior margin, excision: - Residual invasive and in situ carcinoma with angiolymphatic invasion. - New margin negative for tumor. 4. Right axillary contents, regional resection: - Metastatic adenocarcinoma in three of twenty-nine lymph nodes (3/29). with extracapsular extension. - Axillary breast tissue is present. Stage pT2,N2,Mx"
TCGA-PE-A5DD,32,bf16,"FINDINGS: The specimen is composed of dense, solid, and fibrous tissue with marked stromal vascularity and numerous mitotic figures. There is no evidence of necrosis. The architecture is that of a high-grade carcinoma.

FINAL DIAGNOSIS: High grade carcinoma.","1. Right axilla, sentinel lymph nodes, excision: - Two lymph nodes with no tumor seen (0/2), see note. Note: Immunohistochemical stains for Cytokeratin will be reported as an. addendum. 2. Right breast, lumpectomy:- Invasive lobular carcinoma, grade II with. microscopic focus of pleomorphic changes (3.0 cm); lymphovascular invasion. is not seen. - Invasive carcinoma extends to the inked and cauterized lateral and inked. anterior breast parenchymal margin; approximately 2.0 mm from the inked. posterior margin. - Focal atypical ductal hyperplasia approximately 1.0 mm from inked. superior margin. 3. Final posterior margin: - Fibroadipose tissue and skeletal muscle, no tumor seen. 4. Final anterior and medial margin: - Skin and subcutaneous tissue, no tumor seen. (pT2 NO Mx). Pathology Fellow: Pathologist(s): Procedures/Addenda. Addendum Date Ordered: Date Complete: Addendum Diagnosis. Immunohistochemistry stains for the sentinel lymph nodes (specimen #1) do. not reveal metastatic carcinoma, comfirming the histologic diagnosis. These tests were developed and their performance characteristics. determined by the immunohistochemistry laboratory at the. These tests have not been cleared or approved by the U.S. Food. and Drug Administration. The FDA has determined that such clearance or. approval is not necessary. These tests are used for clinical purposes. They should not be regarded as investigational or for research. This. laboratory is certified under the Clinical Laboratory Improvement. Amendments of 1998 (CLIA) as qualified to perform high complexity clinical. testing. INVASIVE BREAST CANCER TEMPLATE: Excisions and Mastectomies. Specimen Type. Excision. Lymph Node Sampling. Sentinel lymph node(s) only. Specimen Size (for excisions less than total mastectomy). Greatest dimension:9.0 cm. Laterality. Right. Tumor Site(s). Not specified. Invasive Component. Solitary. Greatest dimension: 3.0 cm. Histologic Type(s). Invasive lobular. Invasive Lobular Carcinoma Type. Classical Solid Trabecular and Pleomorphic. Invasion. Invasion confined to breast parenchyma. Angiolymphatic Invasion. Absent. Intraductal Carcinoma. Extensive intraductal component (EIC) [>25% of tumor mass and. extending beyond edges of invasive carcinoma]. Absent. Lobular carcinoma in situ. Absent. Margins. Margin(s) involved by invasive carcinoma: lateral. Regional Lymph Nodes. 2 regional lymph nodes examined. No regional lymph node metastasis histologically, no examination for. isolated tumor cells (NO). Ancillary Immunopathology Studies (performed on. ER. Positive. PR. Negative. Her2-Neu. 1+. pTNM: T2 NO Mx"
TCGA-PE-A5DE,9,bf16,"FINDINGS: The specimen is composed of sheets of highly atypical epithelial cells with marked pleomorphism, high nuclear-to-cytoplasmic ratio, irregular nuclear contours, and prominent nucleoli. There is a high mitotic rate with numerous mitotic figures identified. Tumor necrosis is present. The tumor infiltrates the surrounding stroma. The tumor is present at the inked surgical margin.

FINAL DIAGNOSIS: Invasive ductal carcinoma, poorly differentiated (Grade 3).","1. Sentinel lymph node, left axilla, excision: - One lymph node with no tumor seen (0/1). - Negative immunohistochemical staining for cytokeratin AE1/AE3. 2. Left breast, lumpectomy: Invasive and in situ lobular carcinoma. - Invasive lobular carcinoma, 3.8 cm in greatest dimension grossly, grade. II-III. Lobular carcinoma in situ, nuclear grade II-III, comprising. approximately 5% of the tumor mass. - Lymphovascular invasion is not identified. - Invasive carcinoma is less than 1mm to the inked closest medial margin. (see specimen 3 for final medial margin status), and remaining margins. with no tumor seen. - Changes consistent with prior biopsy site seen. Non-neoplastic breast tissue shows fibrocystic changes with. microcalcifications. 3. Left breast, final medial margin, excision: - Benign breast tissue, no tumor seen. Note: Case reviewed with. who concurs with the. diagnosis. Procedures/Addenda. Addendum Date Ordered: Date Complete: Addendum Diagnosis. Specimen sent tc. for additional. testing. Antibody/Tests. Prognostic. Grouping. DNA INDEX/PLOIDY. 1.59 Aneuploid. S-Phase. See Below. Ki-67 (MIB-1). <10%. Favorable. An accurate S-phase fraction (SPF) value cannot be determined due to DNA. aneuploid/tetraploidy cell population <20% of total cells analyzed. INVASIVE BREAST CANCER TEMPLATE: Excisions and Mastectomies. Specimen Type. Excision. Lymph Node Sampling. Sentinel lymph node only. Specimen Size (for excisions less than total mastectomy). Greatest dimension: 7.4 cm. Laterality. Left. Tumor Site(s). Not specified. Invasive Component. Solitary. Greatest dimension: 3.8 cm (grossly). Histologic Type(s). Lobular carcinoma in situ. Invasive lobular. Invasive Lobular Carcinoma Type. Classical, singet-ring, and pleomorphic. Invasion. Invasion confined to breast parenchyma. Angiolymphatic Invasion. Absent. Microcalcifications Associated with Carcinoma In Situ. Margins. Margins uninvolved by invasive carcinoma and in situ carcinoma. Regional Lymph Nodes. 1 regional lymph node examined. No regional lymph node metastasis histologically and by. immunohistochemical staining for cytokeratin AE1/AE3 (NO). Ancillary Immunopathology Studies (performed on. ER. Positive. PR. Positive. Her2-Neu. Negative (score 0). pTNM: T2 NO Mx"
